Job title,Company,Deadline,Location
Սկսնակ ՄՌ մասնագետ,Հայաստանի Հաշվապահների Ասոցիացիա,06 May 2024,Yerevan
Sales Consultant,Pregomesh,06 May 2024,Yerevan
Մանրէաբան,Թամարա ՍՊԸ,06 May 2024,Abovyan
chemist-laboratorian,Թամարա ՍՊԸ,06 May 2024,Abovyan
Սենյակային բույսերի վաճառքի մասնագետ,ABIO Garden Mall,06 May 2024,Yerevan
Աշխղեկ/Construction coordinator,Gravity LLC,06 May 2024,Yerevan
Underwriting specialist,"""INGO ARMENIA"" Insurance CJSC",05 May 2024,Yerevan
SMM Specialist (On-Site),Logix Software LLC,05 May 2024,Yerevan
HR Assistant (on-site) Part time,Logix Software LLC,05 May 2024,Yerevan
WordPress Developer (On-site),Logix Software LLC,05 May 2024,Yerevan
“Kapan” Branch Business Development Manager,FINCA UCO CJSC,11 April 2024,Kajaran
“Komitas” Branch Leading/Senior Credit Officer/Business Development Manager,FINCA UCO CJSC,12 April 2024,Yerevan
Product Manager,FINCA UCO CJSC,11 April 2024,Yerevan
Տեղեկատվական թիմի մասնագետ,FINCA UCO CJSC,11 April 2024,Yerevan
“Kapan” Branch Business Development Manager,FINCA UCO CJSC,11 April 2024,Kapan
"SENIOR PROJECT MANAGER (Project Management, Digital Transformation, Business Transformation)",FINCA UCO CJSC,11 April 2024,Yerevan
“Agatangeghos” Branch Credit Officer/Business Development Manager,FINCA UCO CJSC,11 April 2024,Yerevan
Internal Control Leading/Senior Specialist,FINCA UCO CJSC,11 April 2024,Yerevan
Senior Procurement Specialist,FINCA UCO CJSC,11 April 2024,Yerevan
Electrical engineer,Energy Service LLC,05 May 2024,Yerevan
Manual QA Engineer,Ucraft,05 May 2024,Yerevan
Internal Audit/Reporting Specialist,Partner Company,05 May 2024,Yerevan
Network Administrator/ IT and Cybersecurity Directorate / Network and Communications Management Division,CENTRAL BANK OF ARMENIA,26 April 2024,Dilijan
Payroll Auditor,SoftConstruct,27 April 2024,Yerevan
QA Engineer,Evocabank,28 April 2024,Yerevan
Ֆինանսական բաժնի մասնագետ,C&F Co LLC,05 May 2024,Yerevan
Փորձառու Հաշվապահ,Հայաստանի Հաշվապահների Ասոցիացիա,05 May 2024,Yerevan
"Գործավար, տնօրենի օգնական",Արատտա Քընսալթինգ,05 May 2024,Yerevan
Mathematician,Digitain,05 May 2024,Yerevan
Հաշվառման և վերահսկողության մասնագետ,"""INGO ARMENIA"" Insurance CJSC",05 May 2024,Yerevan
Նախաորակավորման ծրագիր/Վարդենիս,"""Ardshinbank"" CJSC",21 April 2024,Vardenis
Նախաորակավորման ծրագիր/Ստեփանավան,"""Ardshinbank"" CJSC",21 April 2024,Stepanavan
Նախաորակավորման ծրագիր/Սարդարապատ,"""Ardshinbank"" CJSC",21 April 2024,Armavir
Նախաորակավորման ծրագիր/Չարենցավան,"""Ardshinbank"" CJSC",21 April 2024,Charentsavan
Նախաորակավորման ծրագիր/Մեղրի,"""Ardshinbank"" CJSC",21 April 2024,Meghri
Նախաորակավորման ծրագիր/Մասիս,"""Ardshinbank"" CJSC",21 April 2024,Masis
Նախաորակավորման ծրագիր/Կապան,"""Ardshinbank"" CJSC",21 April 2024,Kapan
Նախաորակավորման ծրագիր/Թալին,"""Ardshinbank"" CJSC",21 April 2024,Talin
Նախաորակավորման ծրագիր/Արտաշատ,"""Ardshinbank"" CJSC",21 April 2024,Artashat
Mechanic's Instructor,Children of Armenia Fund (COAF),30 April 2024,Vanadzor
Operations Manager,SoftConstruct,30 April 2024,Yerevan
Junior Marketing Manager,Sparsis Holding,05 May 2024,Yerevan
Marketing Project Manager,SoftConstruct,30 April 2024,Yerevan
Network Security Administrator/IT &amp; Cybersecurity Directorate / Information &amp; Cybersecurity Division,CENTRAL BANK OF ARMENIA,26 April 2024,Yerevan
Project Coordinator | Sport Generate,Digitain,04 May 2024,Yerevan
Relocation Specialist,SoftConstruct,05 May 2024,Yerevan
Construction Supervision Manager,Digitain,05 May 2024,Yerevan
Մանրածախ վարկավորման վարչության Սպառողական վարկերի տրամադրման բաժնի մասնագետ,ARMECONOMBANK OJSC,05 May 2024,Yerevan
SME loan specialist,AMIO BANK,05 May 2024,Yerevan
Շուկայի զարգացման պատասխանատու,ՅՈՒՆԻՈՆ ՍՊԸ,05 May 2024,Yerevan
Ներմուծումների պլանավորման մասնագետ,Պրեմիեր Ֆուդս ՍՊԸ,05 May 2024,Yerevan
Team Support Agent,DONOS AM LLC,04 May 2024,Yerevan
Customer Relationship Specialist,Shoonch Yoga Centre,04 May 2024,Yerevan
Middle Database Administrator,Ameriabank CJSC,30 April 2024,Yerevan
3D Character Animator,Renderforest,05 May 2024,Yerevan
Էլեկտրոնիկայի տեխնիկ/ինժեներ,AeroDynamics,05 May 2024,Yerevan
Ավիամոդելների պատրաստման մասնագետ,AeroDynamics,05 May 2024,Yerevan
Software Test Engineer,AeroDynamics,05 May 2024,Yerevan
Project & Delivery Manager | Sport Generate,Digitain,04 May 2024,Yerevan
Service Adviser,Link LLC,05 May 2024,Yerevan
Integration Manager,Relum,04 May 2024,Yerevan
Content Writer,SoftLand LLC,05 May 2024,Yerevan
Program Associate-GS 6,UNICEF Armenia,21 April 2024,Yerevan
Engineer of Rehabilitation Projects Management Unit,"""Road Department"" FUND",01 May 2024,Yerevan
Շուկայի զարգացման մասնագետ,Sartex CJSC,05 May 2024,Yerevan
Ассистент директора,Link LLC,05 May 2024,Yerevan
Marketing Specialist,Rubinar LLC,04 May 2024,Yerevan
Senior Embedded Software Engineer,AeroDynamics,05 May 2024,Yerevan
Math teacher,Հայաստանում Եվրոպական Վարժարան հիմնադրամ,05 May 2024,Yerevan
Գանձապահ՝ «Հին Նորք» մասնաճյուղում 09:00-18:00 աշխատաժամանակով,FastBank CJSC,05 May 2024,Yerevan
Front Office Agent / Night shift,Ramada Hotel & Suites Yerevan,05 May 2024,Yerevan
Инженер - проектировщик,"ООО ""Дахмира - 7""",05 May 2024,Yerevan
Compliance Officer,SoftConstruct,05 May 2024,Yerevan
Senior Software Engineer/Python,Ucraft,05 May 2024,Yerevan
Accountant,Babayans Accounting Center,05 May 2024,Yerevan
ERP Specialist,Ucraft,05 May 2024,Yerevan
Office Manager,Freedom Broker Armenia,03 May 2024,Yerevan
Microsoft Dynamics Administrator,BDO Armenia CJSC,05 May 2024,Yerevan
Recruitment Manager,Երեմյան Փրոջեքթս,05 May 2024,Yerevan
Warehouse Manager,AeroDynamics,05 May 2024,Yerevan
"Tech Lead .NET, CRM Software",DataArt Armenia,05 May 2024,Yerevan
Project Assistant,«ՖՐԻԴՐԻԽ-ԷԲԵՐՏ ՀԻՄՆԱԴՐԱՄԻ ՀԱՅԱՍՏԱՆՅԱՆ ՄԱՍՆԱՃՅՈՒՂ» ԱՍ,04 May 2024,Yerevan
Call Center Agent,ARMENIAN IMMIGRATION CENTER,05 May 2024,Yerevan
QA Automation Engineer with C#/.NET,SoftConstruct,05 May 2024,Yerevan
Junior-Mid Java Developer,Rockbite Games,30 April 2024,Yerevan
"Инженер, ответственный за техническое состояние офиса",Hestia Facilities Management,30 April 2024,Yerevan                                            (Remote)
Head of HRM,«Հայաստանի հանրային հեռուստաընկերություն» ՓԲԸ,05 May 2024,Yerevan
Game Presenter,Evolution,05 May 2024,Yerevan
Գլխավոր ինժեներ/ինժեներ շինարար,Maisich Group,05 May 2024,Yerevan
Կոնտակտային կենտրոնի մասնագետ (Գյումրի),Digitain,04 May 2024,Gyumri
Credit Controller Operator,Jermuk International Pepsi-Cola Bottler LLC,05 May 2024,Yerevan
Փրայվիթ հաճախորդների հետ աշխատանքի մենեջեր,"""Ardshinbank"" CJSC",15 April 2024,Yerevan
Պրոդուկտների մշակման և մեթոդաբանության ուղղության վերլուծաբան,"""Ardshinbank"" CJSC",15 April 2024,Yerevan
Սրահի մենեջեր/Վարդենիս մասնաճյուղ,"""Ardshinbank"" CJSC",15 April 2024,Vardenis
IT support specialist,AMX,21 April 2024,Yerevan
Սպասարկող մասնագետ/Մեղրի մասնաճյուղ,"""Ardshinbank"" CJSC",15 April 2024,Meghri
"Retail NPA Management Division, NPA Management Service, Internal Control Department,  specialist",Ameriabank CJSC,17 April 2024,Yerevan
DBA Engineer,DataArt Armenia,04 May 2024,Yerevan
"Senior iOS Developer, Digital Applications",DataArt Armenia,04 May 2024,Yerevan
Lead DBA,DataArt Armenia,04 May 2024,Yerevan
Operations Manager,staff.am,30 April 2024,Yerevan
Technical Compliance Specialist,Digitain,04 May 2024,Yerevan
IT Specialist,Ramada Hotel & Suites Yerevan,04 May 2024,Yerevan
Վաճառքի մենեջեր,Aras Food LLC,04 May 2024,Yerevan
SMM Specialist,Jermuk International Pepsi-Cola Bottler LLC,04 May 2024,Yerevan
Ավագ Հյուրընկալ,Jellyfish Yerevan,04 May 2024,Yerevan
Որակի ապահովման մասնագետ | QA,IDBank CJSC,19 April 2024,Yerevan
Senior Database Administrator,ACRA CREDIT REPORTING CJSC,18 April 2024,Yerevan
Compliance officer,ACRA CREDIT REPORTING CJSC,04 May 2024,Yerevan
Information Security Senior Specialist,ACRA CREDIT REPORTING CJSC,18 April 2024,Yerevan
Senior Accountant,DANZ,04 May 2024,Yerevan
Intern/Junior Consultant,CIVITTA AM,30 April 2024,Yerevan
Mid/Senior Content Writer,10Web,04 May 2024,Yerevan
Development Director,«Miasin»  international charity foundation,04 May 2024,Yerevan
Ընդունարանի աշխատակից,Digitain,04 May 2024,Yerevan
Design Engineer,EcoVille LLC,04 May 2024,Yerevan
Junior Analyst,Autofan AC LLC,04 May 2024,Yerevan
Հաշվապահ,SoftConstruct,04 May 2024,Yerevan
Վարկային մասնագետ Էջմիածին մասնաճյուղում,AREGAK UCO CJSC,22 April 2024,Vagharshapat
Սպառողական վարկավորման մասնագետ Էջմիածին մասնաճյուղում,AREGAK UCO CJSC,22 April 2024,Vagharshapat
Romanian Translator,Digitain,04 May 2024,Yerevan
Ոսկերիչ գնահատող Էջմիածին մասնաճյուղում,AREGAK UCO CJSC,04 May 2024,Vagharshapat
Junior QA Engineer (all genders) - iOS/macOS Automation,TeamViewer Armenia,04 May 2024,Yerevan
Korean Translator,Digitain,04 May 2024,Yerevan
Client Service Officer,Merit Media,04 May 2024,Yerevan
Ֆինանսիստ,Maisich Group,04 May 2024,Yerevan
Technical Caption Writer,Wirestock,04 May 2024,Yerevan
Agile Coach,Ameriabank CJSC,15 April 2024,Yerevan
GoNative Engineer,Ucraft,04 May 2024,Yerevan
Customer support specialist | French/English,iBooben Development,04 May 2024,Yerevan
Turkish-Speaking Customer support specialist,iBooben Development,04 May 2024,Yerevan
Վաճառքի և սպասարկման կենտրոնի մասնագետ Երևան  քաղաքում,"""Telecom Armenia"" OJSC",04 May 2024,Yerevan
English Teacher,Հայաստանում Եվրոպական Վարժարան հիմնադրամ,04 May 2024,Yerevan
Գրասենյակի օգնական Աբովյանի մասնաճյուղում,AREGAK UCO CJSC,21 April 2024,Abovyan
Assistant to the CEO,SoftLand LLC,04 May 2024,Yerevan
Treasury Officer,Byblos Bank Armenia CJSC,04 May 2024,Yerevan
Senior Internal Auditor,FastBank CJSC,19 April 2024,Yerevan
lawyer,Էլ Էլ Քընսալթինգ ՓԲԸ,30 April 2024,Yerevan
Group Accounting and Reporting Senior Specialist,SoftConstruct,26 April 2024,Yerevan
Staff Analog Design Engineer / 48218BR,Synopsys Armenia,04 May 2024,Yerevan
Staff Analog Design Engineer / 48216BR,Synopsys Armenia,04 May 2024,Yerevan
Russian Speaking Game Presenter,Evolution,04 May 2024,Yerevan
Executive Assistant,Alpha Group,04 May 2024,Yerevan
Clinical report coordinator,BostonGene Technologies,30 April 2024,Yerevan
Database Administrator,Viva-MTS (MTS Armenia CJSC),20 April 2024,Yerevan
Պահեստների պատասխանատու,Bacon Product LLC,04 May 2024,Arzni
Content Writer,FastBank CJSC,10 April 2024,Yerevan
Senior .Net Developer,FastBank CJSC,14 April 2024,Yerevan
Database Administrator,Synergy International Systems,04 May 2024,Yerevan
Tour manager,Miracle Tour and Travel,04 May 2024,Yerevan
Project Manager,OMD Armenia LLC,03 May 2024,Yerevan
"Chief Specialist, Corporate Customer Support and Operations Division",Ameriabank CJSC,16 April 2024,Yerevan
Ընթացակարգերի վերահսկման մասնագետ,Ucom,03 May 2024,Yerevan
Business Development Specialist,NoyMed LLC,03 May 2024,Yerevan
Customer Support Specialist,Menu Group UK Ltd,03 May 2024,Yerevan
Architectural Design Specialist,TUMO Center for Creative Technologies,03 May 2024,Yerevan
Հաշվետար,ՆՈՒՐՐԻ ՍՊԸ,03 May 2024,Yerevan
Վաճառքի վերլուծաբան,"""Ապաչի Գրուպ"" ՍՊԸ",03 May 2024,Abovyan
Leasing  Specialist,Ameriabank CJSC,16 April 2024,Yerevan
Economist-statistician/Statistics Department/Real Sector Statistics Division,CENTRAL BANK OF ARMENIA,17 April 2024,Dilijan
Առարկայական փորձագետ,Teach For Armenia,03 May 2024,Armenia (All cities)
Branding Copywriter,Ashstone Studios,03 May 2024,Yerevan
Հոսքագծի (լինիայի)աշխատակից,Digifood,03 May 2024,Yerevan
Ֆինանսական հաշվառման և հսկողության Գլխավոր մասնագետ,Inecobank CJSC,19 April 2024,Yerevan
Live Խաղավար,Evolution,03 May 2024,Yerevan
International Customer Support Specialist (with the knowledge of the Persian/Farsi language),“Digital Line” Limited Liability Company,03 May 2024,Yerevan
Shuffler,Evolution,03 May 2024,Yerevan
Վարկային գործարքների մոնիթորինգի առաջատար մասնագետ,VTB Bank (Armenia),03 May 2024,Yerevan
Խաղաթղթավար (շաֆլեր),Evolution,03 May 2024,Yerevan
Գանձապահ՝ «Արթիկ» մասնաճյուղում/ցերեկային հերթափոխով,FastBank CJSC,14 April 2024,Artik
Project Coordinator/ VBET,SoftConstruct,03 May 2024,Yerevan
Ոսկերիչ գնահատողի օգնական՝ «Արթիկ» մասնաճյուղում,FastBank CJSC,14 April 2024,Artik
Հաշվետար,Digifood,03 May 2024,Yerevan
Գործատուի բրենդավորման և հաղորդակցման մասնագետ,Atenk Ltd,30 April 2024,Yerevan
Office Manager/ Marketing Assistant,Mont LLC,03 May 2024,Yerevan
Բժշկական սարքավորումների վաճառքի մասնագետ,Diavant LLC,03 May 2024,Yerevan
Office manager,Europroduct LLC,02 May 2024,Yerevan
Responsible for risk management,EFES,03 May 2024,Yerevan
Գրաֆիկ դիզայներ,Printax.am,03 May 2024,Yerevan
Accountant,MTK LLC,03 May 2024,Abovyan
Head of Real Estate Management Division,"""Telecom Armenia"" OJSC",03 May 2024,Yerevan
Մարքեթինգի ղեկավար,ԱՅՈ ՈՒՎԿ ՓԲԸ,03 May 2024,Yerevan
Senior Tech Recruiter,Magnus,03 May 2024,Yerevan
Kaspersky Lab System Engineer Level I / II,Mont LLC,03 May 2024,Yerevan
Communications Technical Specialist,iBooben Development,03 May 2024,Yerevan
Product Marketing Manager,SoftConstruct,30 April 2024,Yerevan
Internal Sales Representative,Zeppelin Armenia LLC,03 May 2024,Yerevan
Internal Sales Representative,Zeppelin Armenia LLC,03 May 2024,Vanadzor
Թվային ինտեգրման մասնագետ,Telcell,03 May 2024,Yerevan
Շուկայի զարգացման պատասխանատու,Ապարան Թան +,03 May 2024,Yerevan
Sales Manager / Customer Service Manager /,ԱԳ Իմպեքս ՍՊԸ,30 April 2024,Yerevan
"Group Chief Risks Management Officer (Armenia, Georgia, Belarus)",Թայմլես ՍՊԸ,03 May 2024,Yerevan
"Executive Assistant, Retail banking department",Ameriabank CJSC,17 April 2024,Yerevan
Հաճախորդների սպասարկման որակի վերահսկողության մասնագետ,"""Telecom Armenia"" OJSC",03 May 2024,Yerevan
Social Media Marketing Specialist,ERP Solutions LLC,03 May 2024,Yerevan
Financial analyst,Evocabank,28 April 2024,Yerevan
Business Developer,ERP Solutions LLC,03 May 2024,Yerevan
Customer Support Agent - Arabic and English Languages,SoftConstruct,30 April 2024,Yerevan
Customer Support Agent - Korean Language,SoftConstruct,30 April 2024,Yerevan
Customer Support Agent - Spanish and English Languages,SoftConstruct,30 April 2024,Yerevan
Deputy Head of Compliance,SoftConstruct,30 April 2024,Yerevan
Art Director,Jellyfish Yerevan,03 May 2024,Parakar
Estimator,«ԷՅՋԻ ՔՆՍԹՐԱՔՇՆ» ՍՊԸ,03 May 2024,Yerevan
sales manager,SOLAR CENTRE LLC,03 May 2024,Vagharshapat
Customer Support Agent -French Language(mixed shifts),SoftConstruct,30 April 2024,Yerevan
Sales Manager (Spanish speaker),SOFT CONSULTING,03 May 2024,Yerevan
Social Media Manager,Sourcefit AM,03 May 2024,Yerevan
Ոսկերիչ գնահատողի օգնական՝ «Կապան» մասնաճյուղում,FastBank CJSC,14 April 2024,Kapan
Ոսկերիչ գնահատողի օգնական՝ «Գորիս» մասնաճյուղում,FastBank CJSC,14 April 2024,Goris
Պահեստապետի օգնական,Bacon Product LLC,03 May 2024,Arzni
Մանրածախ խնդրահարույց ակտիվների վերադարձման բաժնի մասնագետ,IDBank CJSC,19 April 2024,Yerevan
Territory Sales Channel Manager with Engineering Background,NI,03 May 2024,Yerevan
Digital Media Buying Specialist,SoftConstruct,03 May 2024,Yerevan
Traditional Marketing Specialist,SoftConstruct,03 May 2024,Yerevan
Full stack developer,MACH TECH,02 May 2024,Yerevan
Business Process Auditor,SoftConstruct,21 April 2024,Yerevan
Logistics supervisor,Globbing,02 May 2024,Yerevan
Lead generation specialist,OurExchangeClub,02 May 2024,Yerevan
Lead UI/UX Designer,SootRock Technologies LLC,30 April 2024,Yerevan
Sales specialist,Shtigen Group,02 May 2024,Yerevan
Strong Mid/Senior Data Engineer,Telcell,02 May 2024,Yerevan
Strong Mid/Senior Automation QA Engineer,Telcell,02 May 2024,Yerevan
Accounting and Tax Manager,Grant Thornton Armenia,02 May 2024,Yerevan
Head of Internal Audit Department,SoftConstruct,30 April 2024,Yerevan
Mid+ Automation/Manual QA Engineer,Ameriabank CJSC,18 April 2024,Yerevan
Audit Department Assistant,Grant Thornton Armenia,02 May 2024,Yerevan
"Հաճախորդների սպասարկման մասնագետ, Էրեբունի մ/ճ",IDBank CJSC,22 April 2024,Yerevan
Case Processing Assistant (English Speaking),RightWay Canada Immigration Services,02 May 2024,Yerevan                                            (Remote)
Network and Operation System Administrator,QGroup,01 May 2024,Yerevan
Auditor,Grant Thornton Armenia,02 May 2024,Yerevan
IT Business Analyst,Acba Bank OJSC,30 April 2024,Yerevan
Business consultant,Grant Thornton Armenia,02 May 2024,Yerevan
Տեխնիկական աջակցման մասնագետ,Ucom,02 May 2024,Yerevan
Կոնտակտային կենտրոնի հեռավար   վաճառքների բաժնի ղեկավար,IDBank CJSC,22 April 2024,Yerevan
IT Specialist/Technician,Globbing,02 May 2024,Yerevan
Transport Officer,Viva-MTS (MTS Armenia CJSC),10 April 2024,Yerevan
Call Center Agent,Globbing,02 May 2024,Yerevan
Բիզնես պրոցեսների ավտոմատացման մասնագետ,Armenian Software LLC,02 May 2024,Yerevan
Unity Developer,SoftConstruct,02 May 2024,Yerevan
"Պաշտոն <<ՀԱՅԷԿՈՆՈՄԲԱՆԿ>> ԲԲԸ մասնաճյուղերում ստաժոր //փորձնակ/ հաշվապահ-գանձապահ, վարկային մասնագետ/",ARMECONOMBANK OJSC,02 May 2024,Yerevan
Game Presenter,Media Live,02 May 2024,Yerevan
Strong Mid/Senior .Net Developer,Telcell,02 May 2024,Yerevan
ՊԱՀԵՍՏԱՊԵՏ,Երեմյան Փրոջեքթս,02 May 2024,Yerevan
Data Analyst,Inecobank CJSC,02 May 2024,Yerevan
Արտադրատեխնիկական բաժնի մասնագետ,New City Projects,02 May 2024,Yerevan
.Net/C# Developer,SoftConstruct,02 May 2024,Yerevan
3D Designer,Media Live,02 May 2024,Abovyan
Senior Java Developer,Telcell,02 May 2024,Yerevan
Hr agent,Media Live,02 May 2024,Yerevan                                            (Remote)
Budget planning and financial control specialist,VTB Bank (Armenia),01 May 2024,Yerevan
Marketing Specialist,"""ALEX RETAIL COMPANY"" LLC",30 April 2024,Yerevan
Accountant,Cenomi Retail Armenia,02 May 2024,Yerevan
System Administrator (Mid-level),Acba Bank OJSC,02 May 2024,Yerevan
Learning Coach in Areni (part time),TUMO Center for Creative Technologies,30 April 2024,Yeghegnadzor
Data annotator (Junior Data Analyst),BostonGene Technologies,30 April 2024,Yerevan
Project Manager,OMD Armenia LLC,02 May 2024,Yerevan
Yeghegnadzor TUMO Center Manager,TUMO Center for Creative Technologies,30 April 2024,Yeghegnadzor
Senior Auditor,Baker Tilly Armenia CJSC,02 May 2024,Yerevan
Logist,Միրա Տրանս ՍՊԸ,02 May 2024,Yerevan
Offre d'emploi Spécialiste du support de la clientèle international (avec la connaissance du français),“Digital Line” Limited Liability Company,02 May 2024,Yerevan
International Customer Support Specialist (with the knowledge of the Arabic language),“Digital Line” Limited Liability Company,02 May 2024,Yerevan
Senior Customer Success Specialist (Night Shift),SQUARE SIGNS ARMENIA,02 May 2024,Yerevan
Sales manager,S.A.V. GROUP LLC,30 April 2024,Yerevan
Computer Systems Specialist,Armenian Card CJSC,02 May 2024,Yerevan
UI/UX Designer for Fastexverse,SoftConstruct,02 May 2024,Yerevan
Հաշվետար,Digitain,02 May 2024,Yerevan
Financial Accounting Specialist,Digitain,02 May 2024,Yerevan
Laravel Developer,SoftConstruct,02 May 2024,Yerevan
"Senior Specialist,  Personal Lending division",Ameriabank CJSC,16 April 2024,Yerevan
Հաշվապահ,Paulaner,02 May 2024,Yerevan
Տեսահսկման մասնագետ,FastBank CJSC,14 April 2024,Yerevan
Executive Assistant / VBET,SoftConstruct,02 May 2024,Yerevan
Վաճառքի տնօրեն,Bacon Product LLC,02 May 2024,Arzni
Վաճառքի և սպասարկման մասնագետ ք․ Գյումրի,Ucom,02 May 2024,Gyumri
Business Analyst,Digitain,02 May 2024,Yerevan
Talent Acquisition Specialist,Digitain,02 May 2024,Yerevan
"Փոքր բիզնեսի վարկային մասնագետ, ք․Էջմիածին",VTB Bank (Armenia),02 May 2024,Vagharshapat
"Փոքր բիզնեսի վարկային մասնագետ, ք․Աբովյան",VTB Bank (Armenia),02 May 2024,Abovyan
"Փոքր բիզնեսի վարկային մասնագետ, ք․Երևան",VTB Bank (Armenia),02 May 2024,Yerevan
"Փոքր բիզնեսի վարկային մասնագետ, ք․Արտաշատ",VTB Bank (Armenia),02 May 2024,Artashat
outdoor gear salesperson,Camp International,02 May 2024,Yerevan
Molecular biologist - flow cytometry,BostonGene Technologies,30 April 2024,Yerevan
Clinical report coordinator,BostonGene Technologies,30 April 2024,Yerevan
Product manager,Shtigen Group,01 May 2024,Yerevan
Make-up artist,Imagine Live,30 April 2024,Yerevan
Technical Support Specialist,Imagine Live,30 April 2024,Yerevan
Team Manager,Imagine Live,30 April 2024,Yerevan
Turkish Speaking Game Presenter,Imagine Live,30 April 2024,Yerevan
Russian Speaking Game Presenter,Imagine Live,30 April 2024,Yerevan
Game Presenter,Imagine Live,01 May 2024,Yerevan
Ukrainian Speaking Game Presenter,Imagine Live,30 April 2024,Yerevan
"Specialist, Financial Risks Management Division",Ameriabank CJSC,14 April 2024,Yerevan
Data Security Administrator,Ameriabank CJSC,30 April 2024,Yerevan
Վաճառքի և սպասարկման մասնագետ,Ucom,01 May 2024,Yerevan
"Operations Representative (Customer Support, Logistics Specialist)",Buymie,01 May 2024,Yerevan
Վճարահաշվարկային գործառնությունների բաժնի առաջատար մասնագետ,"""Ardshinbank"" CJSC",10 April 2024,Yerevan
Պասիվային գործառնությունների  բաժնի առաջատար մասնագետ,"""Ardshinbank"" CJSC",10 April 2024,Yerevan
Հեռավար սպասարկման բաժին - Սպասարկող մասնագետ,"""Ardshinbank"" CJSC",11 April 2024,Yerevan
Առաքիչ,"""Mehrabyan  and Sons"" LLC",01 May 2024,Yerevan
Մերչենդայզեր,"""Mehrabyan  and Sons"" LLC",01 May 2024,Yerevan
-Rates/Pricing Manager-,Dial Tel LLC,01 May 2024,Yerevan
Python Developer,SoftConstruct,01 May 2024,Yerevan
-SMS Network Operations Center Engineer-,Dial Tel LLC,01 May 2024,Yerevan
Ոսկերիչ գնահատողի օգնական՝ «Սեբաստիա» մասնաճյուղում՝ 18։00-01։00 աշխատաժամանակով,FastBank CJSC,14 April 2024,Yerevan
Accountant,Decora Group,01 May 2024,Yerevan
B2B Sales Manager,#XAXALOVE,01 May 2024,Yerevan
Interviewer,CIVITTA AM,15 April 2024,Yerevan
42 Yerevan - Technical and Pedagogical Coordinator,TUMO Center for Creative Technologies,01 May 2024,Yerevan
Ֆինանսական բաժնի  հաշվետար- օպերատոր,Bella Casa,01 May 2024,Yerevan
Վաճառքի Մենեջեր,ENERGYWISE,01 May 2024,Yerevan
Lead Software Engineer,Swaps.app,01 May 2024,Yerevan
Ոսկերիչ գնահատողի օգնական՝ «Մարտունի» մասնաճյուղում,FastBank CJSC,14 April 2024,Abovyan
Inbound Communication Team Specialist (Contact Center),Ameriabank CJSC,01 May 2024,Yerevan
"Outbound team (Sales team) specialist, Contact Center",Ameriabank CJSC,01 May 2024,Yerevan
"Client Manager, Yerevan branch network",Ameriabank CJSC,01 May 2024,Yerevan
"Teller, Yerevan branch network",Ameriabank CJSC,01 May 2024,Yerevan
Head of Marketing department,ARMENIA WINE FACTORY LLC,01 May 2024,Yerevan
"Սրահի ադմինիստրատոր, ք. Արարատ",VTB Bank (Armenia),01 May 2024,Ararat
Regional Basic Support Agent,Viva-MTS (MTS Armenia CJSC),10 April 2024,Vanadzor
Basic Support Agent (On Shift),Viva-MTS (MTS Armenia CJSC),09 April 2024,Yerevan
Խաղավար,CreedRoomz,01 May 2024,Yerevan
Խաղավարի օգնական,CreedRoomz,01 May 2024,Yerevan
Game Presenter,CreedRoomz,01 May 2024,Yerevan
Senior Recruiter,CreedRoomz,01 May 2024,Yerevan
Ոսկերիչ գնահատողի օգնական՝ «Աբովյան» մասնաճյուղում,FastBank CJSC,14 April 2024,Abovyan
Խնդրահարույց ակտիվների վերկանգման մասնագետ,FastBank CJSC,14 April 2024,Yerevan
Dealer,Vision Zoom Casino,01 May 2024,Yerevan
Office manager,MLN Pharm,01 May 2024,Yerevan
Corporate sales manager,EFES,01 May 2024,Yerevan
Cashier,Move2Armenia Career,01 May 2024,Yerevan
Ղեկավար - հաշվապահ,Հայաստանի Հաշվապահների Ասոցիացիա,01 May 2024,Yerevan
Customer Service  Specialist,Adjarabet.am,30 April 2024,Yerevan
Դատաիրավական բաժնի ղեկավար,Evocabank,14 April 2024,Yerevan
Teller,Evocabank,30 April 2024,Yerevan
Credit Monitoring Specialist,Evocabank,14 April 2024,Yerevan
Teller (evening shift),Evocabank,14 April 2024,Yerevan
Technical Monitoring Specialist,Evocabank,14 April 2024,Yerevan
Product Owner,Evocabank,14 April 2024,Yerevan
Շինարարության պատասխանատուի օգնական,FastBank CJSC,10 April 2024,Yerevan
Investment Operation Specialist,Evocabank,14 April 2024,Yerevan
Shipper,PANDA GROUP,01 May 2024,Yerevan
Customer Attraction Chief Specialist,Evocabank,14 April 2024,Yerevan
UI/UX Junior Designer,DBD Digital Business Development LLC,25 April 2024,Yerevan
Junior Kotlin Developer,DBD Digital Business Development LLC,25 April 2024,Yerevan
"Ոսկերիչ /Երևանի Եղեգնաձորի, Տաշիրի Աշտարակի մասնաճյուղեր/",ՅՈՒՆԻԲԱՆԿ ԲԲԸ,01 May 2024,Yerevan
Customer Support Agent -Turkish and English Languages,SoftConstruct,30 April 2024,Yerevan
"Սպառողական վարկավորման գծով գործակալ /Երևան, Արարատ, Չարենցավան, Սիսիան/",ՅՈՒՆԻԲԱՆԿ ԲԲԸ,01 May 2024,Yerevan
"Գանձապահ-մենեջեր սկսնակ /ք. Երևան, Գոգավան/",ՅՈՒՆԻԲԱՆԿ ԲԲԸ,01 May 2024,Yerevan
"Customer Support Agent -Armenian,Russian and English Languages",SoftConstruct,30 April 2024,Yerevan
Կառավարիչ՝ Վեդի մասնաճյուղ,FastBank CJSC,10 April 2024,Yerevan
"Quality, Training and Communications specialist",Digitain,01 May 2024,Yerevan
Account Manager,EveryMatrix,01 May 2024,Yerevan
Հաշվապահ,BD RETAIL GROUP,01 May 2024,Yerevan
Ներքին դիտարկումների բաժնի աշխատակից,ARMECONOMBANK OJSC,01 May 2024,Yerevan
Product Operations Specialist,Ameriabank CJSC,30 April 2024,Yerevan
Service Desk Specialist,Digitain,01 May 2024,Yerevan
Head of Marketing Department,Dargett,30 April 2024,Yerevan
Marketing Specialist,Dargett,01 May 2024,Yerevan
Database Developer,Ameriabank CJSC,30 April 2024,Yerevan
Mobile Sales and Service Specialist in Shirak region,Viva-MTS (MTS Armenia CJSC),15 April 2024,Bagratashen
Business Process Specialist,Digitain,01 May 2024,Yerevan
Կրեդիտային վերահսկման մասնագետ,Պրեմիեր Ֆուդս ՍՊԸ,01 May 2024,Yerevan
Customer Advisor,Globbing,01 May 2024,Yerevan
Marketing and online sales department specialist,BD RETAIL GROUP,01 May 2024,Yerevan
Կորպորատիվ հաճախորդների հեռահար սպասարկման բաժնի առաջատար մասնագետ,IDBank CJSC,12 April 2024,Yerevan
Small and Medium Business Chief Manager,IDBank CJSC,19 April 2024,Yerevan
Social Media Specialist,ARMENIANS UNIFIED,30 April 2024,Yerevan                                            (Remote)
Administrative Assistant,ARMENIANS UNIFIED,30 April 2024,Yerevan                                            (Remote)
Հաշվետար,Հայաստանի Հաշվապահների Ասոցիացիա,29 April 2024,Yerevan
Senior PHP/Laravel Developer,Ithire,29 April 2024,Yerevan
Trade Marketing Manager,"""Mehrabyan  and Sons"" LLC",29 April 2024,Yerevan
B2B(KAM),"""Mehrabyan  and Sons"" LLC",29 April 2024,Yerevan
Mob App Team Coordinator,"""Mehrabyan  and Sons"" LLC",29 April 2024,Yerevan
Marketing Specialist,ARMENIANS UNIFIED,29 April 2024,Yerevan                                            (Remote)
Հաշվետար-օպերատոր,Բլյումարտ ՍՊԸ,29 April 2024,Yerevan
Development Manager,PANDA GROUP,29 April 2024,Kapan
ENGINEER,Ar & Ar Design Construction,29 April 2024,Yerevan
"Իրավաբան, գնումների համակարգող",Concern-Energomash  CJSC,28 April 2024,Yerevan
HR Manager - Remote,AffPapa,28 April 2024,Yerevan                                            (Remote)
Administrator,THE FACE ONLY,28 April 2024,Yerevan
Հաշվապահ,SoftConstruct,14 April 2024,Yerevan
SEO Specialist,ProDigi Digital Agency,28 April 2024,Yerevan
Import Manager,SAS Group,28 April 2024,Yerevan
Առևտրային գործակալ  /Preseller,Derjava,28 April 2024,Sevan
Sales consultant,Henderson Armenia,28 April 2024,Yerevan
Գանձապահ՝ «Էրեբունի» մասնաճյուղում 11:00-20:00 աշխատաժամանակով,FastBank CJSC,28 April 2024,Yerevan
Վաճառքի մենեջեր՝ շինարարական կազմակերպությունների գծով,Bella Casa,28 April 2024,Yerevan
Գանձապահ ՝ «Բաղրամյան»  մասնաճյուղում  13։00-22։00 աշխատաժամանակով,FastBank CJSC,28 April 2024,Yerevan
Financial Analyst,Sartex CJSC,15 April 2024,Yerevan
Monitoring and Reporting Associate - NPSA 7,UNDP Armenia Office,11 April 2024,Yerevan
Manager of Household goods Department,MG Group,28 April 2024,Yerevan
B2B հաճախորդների համակարգող,"""Telecom Armenia"" OJSC",28 April 2024,Yerevan
Restaurant Manager,MBG Group LLC,28 April 2024,Yerevan
Արտաքին տնտեսական  կապերի գծով մասնագետ,Պռոշյանի Կոնյակի գործարան ՍՊԸ,21 April 2024,Yerevan
Գիշերային հերթափոխով գանձապահ՝ «Հարավ-Արևմտյան» մասնաճյուղում,FastBank CJSC,28 April 2024,Yerevan
Outdoor Filming junior technician,«Հայաստանի հանրային հեռուստաընկերություն» ՓԲԸ,28 April 2024,Yerevan
Բժշկական վաճառքի մենեջեր,Պրոմ-Տեստ ՍՊԸ,28 April 2024,Yerevan
Ընդունարանի աշխատակից,Պրոմ-Տեստ ՍՊԸ,28 April 2024,Yerevan
Հաշվետար (հաշվապահի օգնական),Պրոմ-Տեստ ՍՊԸ,28 April 2024,Yerevan
Flutter Internship Opportunity,DBD Digital Business Development LLC,20 April 2024,Yerevan
Senior SEO Specialist,SQUARE SIGNS ARMENIA,28 April 2024,Yerevan
Էլեկտրիկ,Պրոմ-Տեստ ՍՊԸ,28 April 2024,Yerevan
Graphic Designer,ProDigi Digital Agency,28 April 2024,Yerevan
Senior SMM Specialist,ProDigi Digital Agency,28 April 2024,Yerevan
Data Science Paid Internship,KK Partners,28 April 2024,Yerevan
Կորպորատիվ հաճախորդների ներգրավման համակարգող,Ucom,28 April 2024,Yerevan
Վաճառքի բաժնի առաքիչ,Ֆրոզեն Միթ ՍՊԸ,28 April 2024,Yerevan
Presseller,gmcompany,26 April 2024,Yerevan
Վաճառքի և սպասարկման կենտրոնի մասնագետ Երևան  քաղաքում,"""Telecom Armenia"" OJSC",28 April 2024,Yerevan
Junior Accountant,Retrieve Legal,28 April 2024,Yerevan
SMM specialist,Alfa-Pharm CJSC,28 April 2024,Yerevan
Social Media Marketing Specialist,Andava Digital Marketing Agency,28 April 2024,Yerevan
Financial Crime Compliance/AML Officer,Digitain,28 April 2024,Yerevan
Product Development Manager,Acba Bank OJSC,28 April 2024,Yerevan
Շենքերի շինարարության Աշխղեկ,AAB Construction,28 April 2024,Yerevan
Online Sales Manager,Mobile Centre,28 April 2024,Yerevan
IoT-M2M and Wireless Products Specialist,Viva-MTS (MTS Armenia CJSC),10 April 2024,Yerevan
Junior Programmer Analyst,Siemens Industry Software CJSC,28 April 2024,Yerevan
Customer Support Marketing Coordinator,Siemens Industry Software CJSC,28 April 2024,Yerevan
Accountant,Equity LLC,27 April 2024,Armavir
Fraud Analyst,Digitain,28 April 2024,Yerevan
Senior Cost Control Analyst,Digitain,28 April 2024,Yerevan
Project Quality Control Inspector for construction site,Renco Armestate LLC,28 April 2024,Yerevan
Casino Risk Management Specialist,Digitain,28 April 2024,Yerevan
Որակի կառավարման թիմի ղեկավար,IDBank CJSC,19 April 2024,Yerevan
Import Manager,S.A.V. GROUP LLC,28 April 2024,Yerevan
Junior Business Data Analyst,SoftConstruct,18 April 2024,Yerevan
Digital Marketing Specialist - SpringBuilder Project,Ucraft,28 April 2024,Yerevan
Ոսկերիչ գնահատող Եղեգնաձորի մասնաճյուղում,AREGAK UCO CJSC,14 April 2024,Yeghegnadzor
Ոսկերիչ գնահատող Վեդիի մասնաճյուղում,AREGAK UCO CJSC,28 April 2024,Vedi
Pre-Sales Consultant (English Speaking),Digitain,27 April 2024,Yerevan
Տեղադրման և սպասարկման բաժնի ղեկավար,Ador Factory,27 April 2024,Yerevan
Մեթոդաբան,"""INGO ARMENIA"" Insurance CJSC",27 April 2024,Yerevan
Public Sector Innovation Projects Analyst (Task Lead) - NPSA 8,UNDP Armenia Office,11 April 2024,Yerevan
Кассир,SPORTMASTER,27 April 2024,Yerevan
Innovative and Participatory Policymaking Project Analyst (Coordinator) - NPSA 9,UNDP Armenia Office,10 April 2024,Yerevan
Եղվարդի ներկայացուցչության փոխարինող օգնական,AREGAK UCO CJSC,13 April 2024,Yeghvard
Վաճառքի խումբ - Սպասարկող մասնագետ,"""Ardshinbank"" CJSC",11 April 2024,Yerevan
Վարորդ   Առաքիչ,Գինու գործարան,27 April 2024,Yerevan
Զանգերի Կենտրոն Սպասարկող մասնագետ,"""Ardshinbank"" CJSC",11 April 2024,Yerevan
ՄՌ կադրային գործավարության մասնագետ,TUMO Center for Creative Technologies,26 April 2024,Yerevan
Health and Safety Engineer (Building Construction),AAB Construction,27 April 2024,Yerevan
Financial controller,Sartex CJSC,15 April 2024,Yerevan
Մարքեթինգի մասնագետ,ONE WAY TOUR,25 April 2024,Yerevan
Բրոքերային ծառայության բեք – օֆիսի մասնագետ,ՅՈՒՆԻԲԱՆԿ ԲԲԸ,27 April 2024,Yerevan
Data Analyst (Specialized in Excel and Power BI),AAB Construction,27 April 2024,Yerevan
Գանձապահ,Ջենեսիս ՍՊԸ,27 April 2024,Yerevan
B2B customer service specialist / 00:30-09:00 /,Իդրամ ՍՊԸ,27 April 2024,Yerevan
"Call center and customer support specialist /11:00-20:00, 17:00-01:00, 00:00-09:00/",Իդրամ ՍՊԸ,27 April 2024,Yerevan
SMM Specialist/ VBET,SoftConstruct,27 April 2024,Yerevan
Quality Assurance Engineer,Questrade International Inc.,26 April 2024,Yerevan
Machine Learning Engineer (Mid-Level),Acba Bank OJSC,27 April 2024,Yerevan
Լիզինգային գործառնությունների բաժնի ավագ մասնագետ,AraratBank OJSC,12 April 2024,Yerevan
Junior Risk Manager (Mixed shifts) / VBET,SoftConstruct,27 April 2024,Yerevan
Senior Affiliate Manager,TokenWin,27 April 2024,Yerevan
Հացուխ,Pano LLC,27 April 2024,Yerevan
Sales Manager,Eighty Eight Hotel and Spa,27 April 2024,Tsaghkadzor
Հաշվետար,Curato LLC,26 April 2024,Yerevan
Receptionist,Felinger Hotel Collection Yerevan,27 April 2024,Yerevan
Housekeeping Supervisor,Felinger Hotel Collection Yerevan,27 April 2024,Yerevan
Sales manager,Felinger Hotel Collection Yerevan,27 April 2024,Yerevan
Learning Coach in Spitak (part time),TUMO Center for Creative Technologies,15 April 2024,Yerevan
Կատեգորիայի կրտսեր մենեջեր,Alfa-Pharm CJSC,27 April 2024,Yerevan
Graphic Designer - Dream Project,Ucraft,27 April 2024,Yerevan
Chief Accountant,Hytex Plastic,27 April 2024,Yerevan
Head of Treasury,Converse Bank,27 April 2024,Yerevan
«Գործառնական օր» համակարգի ադմինիստրատոր,IDBank CJSC,12 April 2024,Yerevan
CRM Operations Officer,Adjarabet.am,27 April 2024,Yerevan
Merchandiser,VENDA LLC,27 April 2024,Yerevan
Գլխավոր Հաշվապահի օգնական - Հաշվապահ,VENDA LLC,27 April 2024,Yerevan
Project Manager,AAB Construction,27 April 2024,Yerevan
Legal Case Manager (Civil Litigation),Lumina Law LLC,27 April 2024,Yerevan
Senior Network Engineer,Viva-MTS (MTS Armenia CJSC),10 April 2024,Yerevan
Senior Datacenter Network Engineer,Viva-MTS (MTS Armenia CJSC),10 April 2024,Yerevan
B2B Purchasing Manager,"""ASBC"" LLC",27 April 2024,Yerevan
Retail Sales Consultant,"""ASBC"" LLC",27 April 2024,Yerevan
B2B Key Account Manager,"""ASBC"" LLC",27 April 2024,Yerevan
B2B Sales Manager,"""ASBC"" LLC",27 April 2024,Yerevan
Marketing Manager,"""ASBC"" LLC",27 April 2024,Yerevan
Marketing Manager,SoftConstruct,26 April 2024,Yerevan
Հաշվապահական թիմի ղեկավար,Նյու Ֆորմ ՍՊԸ,27 April 2024,Yerevan
Social Media Manager,Fastex,26 April 2024,Yerevan
Digital Marketing Specialist,Fastex,26 April 2024,Yerevan
"Գլխավոր մասնագետ , Ցանցում իրացման վարչություն",VTB Bank (Armenia),27 April 2024,Yerevan
Finance Analyst – Commercial Services,Coca-Cola Hellenic Bottling Company Armenia,21 April 2024,Yerevan
Հաշվառման և աշխատավարձերի հաշվարկման մասնագետ,Digitain,27 April 2024,Yerevan
Workplace Interviewer and Investigator,Karni Workplace Center LLC,27 April 2024,Yerevan
Merchant Services Operations,"Platform Factory, Inc.",27 April 2024,Los Angeles                                            (Remote)
"Developer - JS, Node.js Developer (middle+)",ITMediaUSA LLC,24 April 2024,Yerevan
Branch Representative,HSBC Bank Armenia CJSC,10 April 2024,Yerevan
Financial advisor,Inecobank CJSC,26 April 2024,Yerevan
Հեռավար քոուչ,Philip Morris Armenia LLC,26 April 2024,Yerevan
Սոֆթ հավաքագրումների մասնագետ/առաջատար մասնագետ (զանգերի կենտրոն),FINCA UCO CJSC,11 April 2024,Yerevan
Accountant,Shtigen Group,26 April 2024,Yerevan
Accountant,Legelata Law Firm,26 April 2024,Yerevan
Recruitment & Contract Coordinator,American University of Armenia Fund,07 April 2024,Yerevan
Consultant salesman,Barry LLC,26 April 2024,Yerevan
Marketing Manager,FAB Group LLC,24 April 2024,Yerevan
Ներքին վերահսկողության մասնագետ,Bella Casa,26 April 2024,Yerevan
Sales manager of Construction Materials with their own car.,MTK LLC,26 April 2024,Yerevan
Community Manager,TokenWin,26 April 2024,Yerevan
Վարկերի մոնիթորինգի բաժնի առաջատար/գլխավոր մասնագետ,IDBank CJSC,12 April 2024,Yerevan
Վարկերի մոնիթորինգի բաժնի մասնագետ,IDBank CJSC,12 April 2024,Yerevan
Head of Marketing,TokenWin,26 April 2024,Yerevan
Օպերատոր-գանձապահ,Shtigen Group,26 April 2024,Yerevan
Իրավաբանական բաժնի իրավախորհրդատու,ARMSWISSBANK CJSC,26 April 2024,Yerevan
Վաճառքի HoReCa մենեջեր,Անդակո ՍՊԸ,26 April 2024,Yerevan
Խորհրդատու-վաճառողուհի,SIL Capital,26 April 2024,Yerevan
Scoring Systems Analyst,Inecobank CJSC,19 April 2024,Yerevan
Brand manager,AMIO BANK,26 April 2024,Yerevan
Ավագ հաշվապահ,Բիզնես ընդ մենեջմենթ սիսթեմս  ՍՊԸ,25 April 2024,Yerevan
Customer Support Agent (French) / VBET - mixed shift,SoftConstruct,26 April 2024,Yerevan
Full Stack Vue.js/PHP developer,Smart Corner,26 April 2024,Yerevan                                            (Remote)
Senior Specialist of Risk Analysis and Management Division,Inecobank CJSC,19 April 2024,Yerevan
Customer Support Agent - Hindi  and English /mixed shift/ - VBET,SoftConstruct,26 April 2024,Yerevan
Խորհրդատու-Վաճառքի Մասնագետ,Philip Morris Armenia LLC,26 April 2024,Yerevan
Բոնուսային համակարգերի հաշվարկման մասնագետ,FastBank CJSC,14 April 2024,Yerevan
Technical maintenance specialist,Freedom Broker Armenia,26 April 2024,Yerevan
Copywriter,Scorpio Creative,26 April 2024,Yerevan
Business Support Assistant (Communications) - Roster,UNITED NATIONS WORLD FOOD PROGRAMME - ARMENIA,10 April 2024,Yerevan
Sales Consultant,Մեգաթոյ ՍՊԸ,26 April 2024,Yerevan
Senior lawyer,Freedom Broker Armenia,26 April 2024,Yerevan
Միջոցառումների համակարգող,Atenk Ltd,26 April 2024,Yerevan
Mid+ Angular Developer,Apricot Space,26 April 2024,Yerevan
Planning and Monitoring Assistant,UNICEF Armenia,09 April 2024,Yerevan
Սկսնակ Հաշվապահ,Autofan AC LLC,26 April 2024,Yerevan
Back Office,CARD  AgroCredit UCO CJSC,24 April 2024,Gyumri
Mid-Senior Level React Developer,VECTO,26 April 2024,Yerevan
Online Sales Manager,Food Depot LLC,26 April 2024,Yerevan
"Պրոդուկտների մշակման դեպարտամենտի մասնագետ  /մանրածախ, կորպորատիվ, քարտային, ոչ բանկային պրոդուկտների գծով/",ՅՈՒՆԻԲԱՆԿ ԲԲԸ,26 April 2024,Yerevan
Բանկային քարտերի թողարկման բաժնի Մասնագետ,VTB Bank (Armenia),16 April 2024,Yerevan
"Հաճախորդների սպասարկման մասնագետ, ք․ Երևան",AraratBank OJSC,26 April 2024,Yerevan
Քիմիկ -անալիտիկ,Alfa-Pharm CJSC,26 April 2024,Gyumri
"Խորհրդատու  , «Կենտրոն» մ/ճ, 12 ժամյա գրաֆիկ",IDBank CJSC,15 April 2024,Yerevan
Բրենդ մենեջեր,"""Mehrabyan  and Sons"" LLC",26 April 2024,Yerevan
Product Manager,Viva-MTS (MTS Armenia CJSC),10 April 2024,Yerevan
Սպորտային Լրագրող,FastMedia,26 April 2024,Yerevan
Վաճառքի և սպասարկման կենտրոնի մասնագետ  Մարտունի  քաղաքում,"""Telecom Armenia"" OJSC",26 April 2024,Martuni
Կորպորատիվ հաճախորդների սպասարկման մասնագետ,IDBank CJSC,15 April 2024,Yerevan
Commercial director,Lernagnatc LLC,25 April 2024,Abovyan
CEO's assistent,Lernagnatc LLC,25 April 2024,Abovyan
Շուկայի զարգացման պատասխանատու,Ադամիում,26 April 2024,Yerevan
Մասնաճյուղային ցանցի հսկողության բաժնի մասնագետ,ՅՈՒՆԻԲԱՆԿ ԲԲԸ,26 April 2024,Yerevan
Medical Representative,Alfa-Pharm CJSC,26 April 2024,Yerevan
Տեղեկատվական կենտրոնի մասնագետ/հերթափոխային,Ucom,26 April 2024,Yerevan
Senior Accountant,Eighty Eight Hotel and Spa,26 April 2024,Yerevan
HR Coordinator for ISAA,818 Consulting,26 April 2024,Yerevan
Մարքեթինգի մասնագետ,Alfa-Pharm CJSC,26 April 2024,Yerevan
Store Shift Manager,"""ASBC"" LLC",26 April 2024,Yerevan
Service Clerk,AMIO BANK,26 April 2024,Yerevan
Վաճառքի և սպասարկման կենտրոնի մասնագետ Մեղրի քաղաքում,"""Telecom Armenia"" OJSC",26 April 2024,Meghri
SEO Specialist,SoftConstruct,26 April 2024,Yerevan
Store Manager,"""ASBC"" LLC",26 April 2024,Yerevan
AI Manager Internship,iNexxus,25 April 2024,Yerevan
Վաճառող-խորհրդատու,Reyma,25 April 2024,Yerevan
Digital Transformation Manager,Երեմյան Փրոջեքթս,25 April 2024,Yerevan
Sales manager (spanish),Digital Caramel,25 April 2024,Yerevan
"QA Automation Engineer, Augmented Reality (all genders)",TeamViewer Armenia,25 April 2024,Yerevan
Mobile QA Automation Engineer (all genders),TeamViewer Armenia,25 April 2024,Yerevan
Data Engineer,Ucraft,25 April 2024,Yerevan
HR Generalist,Wip Work in Progress,25 April 2024,Yerevan
Web3 Monitoring specialist,Fastex,25 April 2024,Yerevan
"Software Engineer, Skills Evaluation Development Team",CodeSignal,25 April 2024,Yerevan
Loan officer,Evocabank,14 April 2024,Yerevan
Reservation Specialist,DoubleTree by Hilton Yerevan City Centre,25 April 2024,Yerevan
Ավագ հաշվապահ,Fast Shift LLC,25 April 2024,Yerevan
Trainer,"""Max Station"" LLC",25 April 2024,Yerevan
Օժանդակող մասնագետ,Easy Pay,25 April 2024,Yerevan
PHP Developer,ITF LLC,25 April 2024,Yerevan
"Tech Lead .NET, CRM Software",DataArt Armenia,25 April 2024,Yerevan
"QAA (Java, Cypress)",DataArt Armenia,25 April 2024,Yerevan
Բիզնես գործընթացների օպտիմալացման մասնագետ,Easy Pay,25 April 2024,Yerevan
Շուկայագետ,Bacon Product LLC,25 April 2024,Arzni
Retail Operations Manager,"""ASBC"" LLC",25 April 2024,Yerevan
Գլխավոր Տեխնոլոգ,«ԷՍԷՌ ՖՈՒԴ» ՍՊԸ,21 April 2024,Yerevan
Գանձապահ Upay ընկերությունում / ք. Երևան /,Ucom,25 April 2024,Yerevan
Chief Agronomist,SMART AGRO SOLUTIONS CJSC,24 April 2024,Ashtarak
Sales Manager,Jellyfish Yerevan,25 April 2024,Yerevan
Հաշվետար օպերատոր,Narim LTD,25 April 2024,Yerevan
Procurement Specialist,Digitain,25 April 2024,Yerevan
Փափայա ընկերությանն անհրաժեշտ է HoReCa մենեջեր,Papaya,25 April 2024,Yerevan
Senior Marketing Specialist,PROFAL LLC,25 April 2024,Yerevan
SMM և Մարքեթինգի մասնագետ,Calibri Real Estate Agency,25 April 2024,Yerevan
Senior Java Engineer/Team Lead,Polixis,25 April 2024,Yerevan
Deal Manager,Silicon Capital,07 April 2024,Yerevan
Seller-Consultant / Noyemberyan,Mobile Centre,25 April 2024,Noyemberyan
Seller-Consultant / Gyumri,Mobile Centre,25 April 2024,Gyumri
Sales and Relationship Manager,Ameriabank CJSC,25 April 2024,Yerevan
Շուկայի զարգացման պատասխանատու,Atenk Ltd,25 April 2024,Yerevan
IT Support Specialist,SAS Group,25 April 2024,Yerevan
Restaurant Supervisor,“Impulse Business Management” LLC,25 April 2024,Ijevan
Front Desk Supervisor,“Impulse Business Management” LLC,25 April 2024,Ijevan
Senior Site Reliability Engineer,OMD Armenia LLC,25 April 2024,Yerevan
F&B Manager,“Impulse Business Management” LLC,25 April 2024,Ijevan
Chief Finance Officer,Galaxy Group of Companies,25 April 2024,Yerevan
Իրավաբան՝ Կազմակերպության շահերի պաշտպանության ծառայություն,FastBank CJSC,25 April 2024,Yerevan
CRM Specialist,TokenWin,25 April 2024,Yerevan
Ադմինիստրատիվ աշխատանքների համակարգող,"""ԴԻՖՈՐԲԻ"" ՍՊԸ",15 April 2024,Yerevan
Առևտրային վարկավորման վարչության Կորպորատիվ վարկերի տրամադրման բաժնի առաջատար մասնագետ,ARMECONOMBANK OJSC,25 April 2024,Yerevan
Marketing Team Lead,Business Development Group (BDG),25 April 2024,Yerevan
ՓՄՁ բիզնեսի թիմի վերլուծաբան/Արմավիր,"""Ardshinbank"" CJSC",10 April 2024,Armavir
ՓՄՁ բիզնեսի թիմի վերլուծաբան/Երևան,"""Ardshinbank"" CJSC",10 April 2024,Yerevan
Retail Team Lead,"""ASBC"" LLC",25 April 2024,Yerevan
Պայմանագրային և փաստաթղթաշրջանառության բաժնի Ավագ Մասնագետ,ACBA LEASING CO CJSC,25 April 2024,Yerevan
Business Analyst/Process Development and Project Management Department,CENTRAL BANK OF ARMENIA,10 April 2024,Yerevan
DevOps Engineer,OMD Armenia LLC,24 April 2024,Yerevan                                            (Remote)
Տեսահսկման բաժնի աշխատակից,CreedRoomz,24 April 2024,Yerevan
"Chat Moderator (Armenian, English, Russian)",CreedRoomz,24 April 2024,Yerevan
Account Manager,Big Projects,24 April 2024,Yerevan
Corporate Lending Leading Analyst,IDBank CJSC,24 April 2024,Yerevan
Sales Manager (Arabic speaker),SOFT CONSULTING,24 April 2024,Yerevan
Իրավական պարտավորությունների մասնագետ,Ucom,24 April 2024,Yerevan
ՏՏ մասնագետ,"""INGO ARMENIA"" Insurance CJSC",24 April 2024,Yerevan
Digital Marketing Specialist,Golden SB Tech Group,24 April 2024,Yerevan
SEO specialist,Golden SB Tech Group,24 April 2024,Yerevan
Sales support specialist,Shtigen Group,24 April 2024,Yerevan
Օպերատոր,HNet LLC,24 April 2024,Yerevan
Մարքեթինգի մասնագետ,Brandon marketing,24 April 2024,Yerevan
Vue.js Developera,Smart Corner,24 April 2024,Yerevan
DevOps Engineer,Golden SB Tech Group,24 April 2024,Yerevan
Սպասարկող - գանձապահ,Telcell,24 April 2024,Abovyan
Laravel (Full Stack) Developer,Golden SB Tech Group,24 April 2024,Yerevan
Կորպորատիվ վաճառքի մասնագետ,Telcell,24 April 2024,Yerevan
Ներքին դիտարկումների մասնագետ (ՓԼ/ԱՖ),Telcell,24 April 2024,Yerevan
Մերչենդայզեր,Telcell,24 April 2024,Yerevan
Վաճառքի մասնագետ,VTB Bank (Armenia),10 April 2024,Yerevan
Ապառիկ վաճառքի գծով մասնագետ ք․ Հրազդան,VTB Bank (Armenia),10 April 2024,Hrazdan
Ապառիկ վաճառքի գծով մասնագետ,VTB Bank (Armenia),10 April 2024,Yerevan
Կոնտակտային կենտրոնի մասնագետ,VTB Bank (Armenia),10 April 2024,Yerevan
C# Backend Developer,Golden SB Tech Group,24 April 2024,Yerevan
"FrontEnd (React JS, Vue JS) Developer",Golden SB Tech Group,24 April 2024,Yerevan
Մարքեթինգի ավագ մասնագետ,Best Group LLC,24 April 2024,Yerevan
Արտոնյալ բանկային ծառայությունների բաժնի Անհատական մենեջեր,IDBank CJSC,19 April 2024,Yerevan
Security Officer,Inecobank CJSC,14 April 2024,Yerevan
Financial specialist,Koton Armenia,24 April 2024,Verin Ptghni
Շրջիկ վարկային մասնագետ բոլոր մասնաճյուղերի համար,ԿՐԵԴՈ ՖԻՆԱՆՍ ՈՒՎԿ ՓԲԸ,24 April 2024,Yerevan
Վարկային մասնագետ /Աջափնյակ/ մասնաճյուղում,ԿՐԵԴՈ ՖԻՆԱՆՍ ՈՒՎԿ ՓԲԸ,24 April 2024,Yerevan
Manager of the Commercial Department,Shtigen Group,24 April 2024,Yerevan
Red Invest Group Internship Program,RED Invest Group,24 April 2024,Yerevan
Brand Manager Assistant,Koton Armenia,24 April 2024,Verin Ptghni
B2C Salesperson,UNICOMP CJSC,24 April 2024,Yerevan
B2B Salesperson,UNICOMP CJSC,24 April 2024,Yerevan
System Administrator,Doxx,19 April 2024,Yerevan
Sales Manager (French speaker),SOFT CONSULTING,21 April 2024,Yerevan
Customer Support Agent (German and English) /mixed shift/VBET,SoftConstruct,24 April 2024,Yerevan
Ինժեներ-կոնստրուկտր,Gapex LLC,21 April 2024,Yerevan
General Manager,ASBIS AM,24 April 2024,Yerevan
Менеджер по закупкам,Yandex,24 April 2024,Yerevan
Restaurant manager,PI Hospitality LLC,24 April 2024,Yerevan
Partner Development Manager | Portuguese Speaking,Digitain,24 April 2024,Yerevan
DevOps Engineer (Windows),Digitain,24 April 2024,Yerevan
Sales manager,GRASS Armenia,24 April 2024,Yerevan
Senior Database Administrator / 47286BR,Synopsys Armenia,24 April 2024,Yerevan
Service Manager,Garage Masters' Mall,24 April 2024,Yerevan
Analog Design Engineer / 46216BR,Synopsys Armenia,24 April 2024,Yerevan
High-Speed Analog Design and Methodology Design Engineer / 46506BR,Synopsys Armenia,24 April 2024,Yerevan
Senior Layout Design Engineer / 46442BR,Synopsys Armenia,24 April 2024,Yerevan
Quality Engineering Manager - 47125BR,Synopsys Armenia,24 April 2024,Yerevan
ASIC Physical Design Engineer / 48579BR,Synopsys Armenia,24 April 2024,Yerevan
Վաճառքի և սպասարկման կենտրոնի մասնագետ Գյումրի քաղաքում,"""Telecom Armenia"" OJSC",24 April 2024,Gyumri
Supply chain manager,Drive Motors,24 April 2024,Yerevan
Վաճառքի և սպասարկման կենտրոնի մասնագետ Աշտարակ  քաղաքում,"""Telecom Armenia"" OJSC",24 April 2024,Ashtarak
Strategic Partners Account Manager,IQ Soft,24 April 2024,Yerevan
Customer Service Representative,emater,24 April 2024,Yerevan
Head of Finance,emater,24 April 2024,Yerevan
Software Development Engineer in Test,Intelinair,24 April 2024,Yerevan
Finance and Business Processes Audit Senior Specialist,Viva-MTS (MTS Armenia CJSC),10 April 2024,Yerevan
"Senior loan analyst, Payment Instruments and Escrow Division",Ameriabank CJSC,08 April 2024,Yerevan
Product Marketing Senior Specialist,Ameriabank CJSC,08 April 2024,Yerevan
Chief Marketing Officer/ VBET,SoftConstruct,24 April 2024,Yerevan
Մերչենդայզեր,Անդակո ՍՊԸ,24 April 2024,Yerevan
Շինարարական Աշխատանքների Ղեկավարի Տեղակալ,SoftConstruct,24 April 2024,Yerevan
Digital Product Manager,Acba Bank OJSC,24 April 2024,Yerevan
Transmission Engineer,Viva-MTS (MTS Armenia CJSC),10 April 2024,Yerevan
Հաշվապահ,818 Consulting,24 April 2024,Yerevan
Հասանելիությունների վերահսկման մասնագետ,Digitain,14 April 2024,Yerevan
Junior accountant,KL Engineer,23 April 2024,Yerevan                                            (Remote)
Social Media Intern,ARMENIANS UNIFIED,23 April 2024,Yerevan                                            (Remote)
Բուժքույր ստոմատոլոգիական կլինիկայի համար,Ավանտա նորարարական բժշկության կենտրոն,22 April 2024,Yerevan
Ադմինիստրատոր,Ավանտա նորարարական բժշկության կենտրոն,22 April 2024,Yerevan
Tour Manager,ՌԵՎԵԼ ՏՈՒՐ,22 April 2024,Gyumri
Receptionist,Skyline Tour Service,21 April 2024,Yerevan
3D Scanning Technical Specialist,TUMO Center for Creative Technologies,21 April 2024,Yerevan
Audio and Visual Specialist,TUMO Center for Creative Technologies,21 April 2024,Yerevan
Construction Procurement specialist,TUMO Center for Creative Technologies,21 April 2024,Yerevan
Cost Estimator,TUMO Center for Creative Technologies,21 April 2024,Yerevan
3D Photogrammetry Scanning Technician,TUMO Center for Creative Technologies,21 April 2024,Yerevan
PR Officer,TUMO Center for Creative Technologies,21 April 2024,Yerevan
Head of Engineering,TUMO Center for Creative Technologies,21 April 2024,Yerevan
UX Researcher,TUMO Center for Creative Technologies,21 April 2024,Yerevan
Customer Service Specialist,ECOS,21 April 2024,Yerevan
Administrative Assistant,Fun Fruit,14 April 2024,Ashtarak
"Մասնագետ, Վճարային տերմինալների սպասարկման խումբ",Converse Bank,10 April 2024,Yerevan
Դիլինգային կենտրոնի ավագ դիլեր,AraratBank OJSC,21 April 2024,Yerevan
Բուժքույր,Atenk Ltd,21 April 2024,Yerevan
Bookkeeper,MG Group,19 April 2024,Yerevan
Media Buyer (Canadian Market),iBooben Development,21 April 2024,Yerevan                                            (Remote)
Bioinformatics Software Developer,BostonGene Technologies,21 April 2024,Yerevan
Support Specialist,gg,21 April 2024,Yerevan
Night-Shift Sales Representative,LUGERA Armenia,21 April 2024,Yerevan
B2C Skill Games Operations Team Lead/ VBET,SoftConstruct,21 April 2024,Yerevan
Վճարային գործառնությունների զարգացման մասնագետ,Telcell,21 April 2024,Yerevan
Ավագ Հաշվապահ,Finance BI - business intelligence / Ֆայնենս ԲիԱյ,21 April 2024,Yerevan
Call center manager,Fast Shift LLC,21 April 2024,Yerevan
Հաշվետար,Ին Թայմ Քոնսալթին,21 April 2024,Yerevan
Lawyer,Telcell,21 April 2024,Yerevan
Գլխավոր տնօրենի օգնական,Bacon Product LLC,21 April 2024,Arzni
B2C վաճառքի մենեջեր,Ador Factory,21 April 2024,Yerevan
Territorial director,AMIO BANK,21 April 2024,Yerevan
Call Center Operator,Fast Shift LLC,21 April 2024,Yerevan
Project Coordinator,SoftConstruct,21 April 2024,Yerevan
Learning Coach in Kajaran (part time),TUMO Center for Creative Technologies,15 April 2024,Kajaran
Facilities Manager,American University of Armenia Fund,09 April 2024,Yerevan
Ընդունարանի աշխատակից,"""Stellar Hotels"" LLC",21 April 2024,Yerevan
Խոհարար,"""Stellar Hotels"" LLC",21 April 2024,Yerevan
Senior Legal Officer (Fintech / Crypto),ECOS,21 April 2024,Yerevan
Golang Developer,SoftConstruct,21 April 2024,Yerevan
"Web Software Engineer, Add Objects",Picsart,21 April 2024,Yerevan
Junior IT Security Analyst / SOC Analyst,SoftConstruct,21 April 2024,Yerevan
Վաճառող-խորհրդատու,V&B Style,21 April 2024,Yerevan
Information Security Specialist,SoftConstruct,21 April 2024,Yerevan
"Chief accountant (Fintech, cloud mining)",ECOS,21 April 2024,Yerevan
Լոգիստիկայի մասնագետ,Globbing,21 April 2024,Yerevan
Cyber Security Specialist,SoftConstruct,21 April 2024,Yerevan
Պահեստապետի օգնական,Brand Leader,21 April 2024,Yerevan
Դասվարի օգնական,Ayb School,21 April 2024,Yerevan
Հաշվապահ,ՄԱՊ ՓԲԸ,21 April 2024,Yerevan
Գրադարանի համակարգող,Ayb School,14 April 2024,Yerevan
Data analyst,Nork Technology Center,21 April 2024,Yerevan
Հեռախոսային վաճառքի մասնագետ,"""Telecom Armenia"" OJSC",21 April 2024,Yerevan
Project Manager ( intern ),AR++,21 April 2024,Yerevan
Լոգիստիկայի մասնագետ,Concern-Energomash  CJSC,19 April 2024,Yerevan
Փոխարինող Վարկային մասնագետ Թալին մասնաճյուղում,AREGAK UCO CJSC,21 April 2024,Talin
Senior Lawyer / Head of Corporate Practice,GRATA INTERNATIONAL,21 April 2024,Yerevan
Վարկային մասնագետ Երևան մասնաճյուղում,AREGAK UCO CJSC,07 April 2024,Yerevan
Աշխատավարձերի հաշվառման մասնագետ (Payroll),AAB Construction,21 April 2024,Yerevan
«Կոտայք» ընտանիքների ամրապնդման սոցիալական ենտրոնի հոգեբանին փոխարինող,SOS Children's Villages Armenia,10 April 2024,village Kotayk
Medical representative (medical devices),S.A.V. GROUP LLC,21 April 2024,Yerevan
Գանձապետական գործառնությունների մասնագետ,"""Telecom Armenia"" OJSC",20 April 2024,Yerevan
“Abovyan” Branch Credit Officer/Business Development Manager,FINCA UCO CJSC,11 April 2024,Abovyan
Գանձապահ «Աշտարակ» մասնաճյուղում,FINCA UCO CJSC,11 April 2024,Ashtarak
Business Systems Specialist,FINCA UCO CJSC,11 April 2024,Yerevan
Business Development Manager,SoftConstruct,20 April 2024,Yerevan
Վաճառքի թիմի մասնագետ,FINCA UCO CJSC,11 April 2024,Yerevan
"Reporting, Budgeting and Financial Analysis Department Leading Specialist",FINCA UCO CJSC,11 April 2024,Yerevan
Գանձապահ «Մասիս» մասնաճյուղում,FINCA UCO CJSC,11 April 2024,Masis
“Armavir” Branch Credit Officer/Business Development Manager,FINCA UCO CJSC,11 April 2024,Armavir
Փորձնակ «Արարատ» մասնաճյուղում,FINCA UCO CJSC,11 April 2024,Ararat
Senior Automation QA Engineer,FastBank CJSC,20 April 2024,Yerevan
Internal Auditor,Galaxy Group of Companies,20 April 2024,Yerevan
"""Մեղրի"" մասնաճյուղում Գանձապահ/Վարկային Մասնագետ / Բիզնեսի զարգացման մենեջեր",FINCA UCO CJSC,11 April 2024,Meghri
PR Specialist,Ameriabank CJSC,08 April 2024,Yerevan
Իրավաբանական անձանց վարկային հայտերի փորձաքննության բաժնի գլխավոր մասնագետ,VTB Bank (Armenia),20 April 2024,Yerevan
Ներմուծման մասնագետ,Atenk Ltd,20 April 2024,Yerevan
Administrative Assistant,ProMotion LLC,20 April 2024,Yerevan
Ավտոպահեստամասերի մասնագետ,Փռայմ Մոթորս ՍՊԸ,20 April 2024,Yerevan
Customer Support Specialist,"WebWork Time Tracker, Inc.",20 April 2024,Yerevan
Corporate Services  Development Specialist,AMX,13 April 2024,Yerevan
Առաջնորդության զարգացման ղեկավար Սյունիքում,Teach For Armenia,20 April 2024,Kapan
"FrontEnd React Developer, Smart Platform",DataArt Armenia,20 April 2024,Yerevan
"Full-Stack Team Lead, Travel Services",DataArt Armenia,20 April 2024,Yerevan
CRM Communication Specialist VBET,SoftConstruct,20 April 2024,Yerevan
Market Development Officer,CARDINAL,17 April 2024,Yerevan
Senior Software development engineer in Test,Align Technology,20 April 2024,Yerevan
1C ERP  մասնագետ,Պռոշյանի Կոնյակի գործարան ՍՊԸ,20 April 2024,Yerevan
Responsible of environment,''Armenia'' International Airports'' CJSC,20 April 2024,Yerevan
ԳԼԽԱՎՈՐ ՀԱՇՎԱՊԱՀ / ՀԱՇՎԱՊԱՀԱԿԱՆ ԲԱԺՆԻ ԱՇԽԱՏԱՆՔՆԵՐԻ ՀԱՄԱԿԱՐԳՈՂ,"""Stellar Hotels"" LLC",20 April 2024,Yerevan
ԳԼԽԱՎՈՐ ՀԱՇՎԱՊԱՀ,"""Stellar Hotels"" LLC",20 April 2024,Yerevan
iOS Developer,Sceyt,20 April 2024,Yerevan
"iOS Developer, Smart Platform",DataArt Armenia,20 April 2024,Yerevan
ARMSOFT System Administrator,Mellat bank,20 April 2024,Yerevan
Business Development Executive,SoftConstruct,19 April 2024,Yerevan
Դեղատնային ցանցի տարածքային մենեջեր,Theopharma,20 April 2024,Yerevan
Project Manager,FINCA UCO CJSC,11 April 2024,Yerevan
Legal Settlement Manager,Lumina Law LLC,20 April 2024,Yerevan
"""Երևան"" մասնաճյուղի սոցիալական աշխատող",SOS Children's Villages Armenia,10 April 2024,Yerevan
“Vardenis” Branch Business Development Manager,FINCA UCO CJSC,11 April 2024,Vardenis
Affiliate manager,iBooben Development,20 April 2024,Yerevan
Procurement and Logistics department Specialist,Agrotech LLC,20 April 2024,Abovyan
Кассир,SPORTMASTER,20 April 2024,Yerevan
Project Manager,Smart Corner,20 April 2024,Yerevan
Senior Full Stack React/PHP developer,Smart Corner,20 April 2024,Yerevan
Վաճառքի Գործառնությունների Ղեկավար,Պրեմիեր Ֆուդս ՍՊԸ,20 April 2024,Yerevan
Ներքին դիտարկումների մասնագետ,FastBank CJSC,20 April 2024,Yerevan
Analyst,Freedom Broker Armenia,20 April 2024,Yerevan
Senior sales manager,Freedom Broker Armenia,20 April 2024,Yerevan
Արժեթղթերի դիլեր,FastBank CJSC,20 April 2024,Yerevan
Արտարժույթի դիլեր,FastBank CJSC,20 April 2024,Gyumri
Programme Officer (Goris Office Coordinator),UNICEF Armenia,10 April 2024,Goris
Head of B2B,Globbing,20 April 2024,Yerevan
Senior Full-Stack (Frontend) Developer,Hundred CJSC,20 April 2024,Yerevan
Senior Product Manager,Azarian Growth Agency,20 April 2024,Yerevan                                            (Remote)
Թվային մարքեթինգի մասնագետ,Bacon Product LLC,20 April 2024,Arzni
Live Support Specialist,Evolution,20 April 2024,Yerevan
Accountant,ՄԱՐԱՆ ՍՊԸ,20 April 2024,Yerevan
Senior Ruby on Rails Engineer - Hoory AI Project,Ucraft,20 April 2024,Yerevan
Sales specialist,Aviadrom LLC,20 April 2024,Yerevan
B2B(SaaS) Sales Specialist,Sceyt,19 April 2024,Yerevan
Mid Frontend developer,"""INGO ARMENIA"" Insurance CJSC",20 April 2024,Yerevan
ԱՇԽԱՏԱԿԱԶՄԻ ՔԱՐՏՈՒՂԱՐՈՒԹՅԱՆ ՄԱՍՆԱԳԵՏ,ARMECONOMBANK OJSC,20 April 2024,Yerevan
Backend Developer,"""INGO ARMENIA"" Insurance CJSC",20 April 2024,Yerevan
ՄՌԿ մասնագետ,AREGAK UCO CJSC,07 April 2024,Yerevan
QA Automation Engineer - Hoory AI Project,Ucraft,16 April 2024,Yerevan
English-speaking Armenian Teacher,ToTalk Armenian,19 April 2024,Yerevan                                            (Remote)
"Младший контент менеджер маркеплейсов (Wildberries, Ozon)",Reyma,19 April 2024,Yerevan
Front Office Agent,"Courtyard by Marriott, Yerevan",19 April 2024,Yerevan
Audit Senior at EY office in Yerevan,Ernst and Young CJSC (EY),19 April 2024,Yerevan
Audit Assistant at EY office in Yerevan,Ernst and Young CJSC (EY),19 April 2024,Yerevan
Senior Full Stack Web Developer,Cayole,15 April 2024,Yerevan
sales consultant,Սմարտ Չոյս,19 April 2024,Yerevan
Finance Specialist,NoyMed LLC,19 April 2024,Yerevan
Վաճառքի և սպասարկման մասնագետ ք․ Ապարան,Ucom,19 April 2024,Aparan
Office manager,«Օհանյան Բրենդի Կոմպանի» ՍՊԸ,19 April 2024,Yerevan
Շահագործման ինժեները,"""Max Station"" LLC",19 April 2024,Yerevan
Digital Product Sales Department Head,Telcell,19 April 2024,Yerevan
Customer Analytics Specialist,Digitain,19 April 2024,Yerevan
Medical representative - surgery,B2B Medical,19 April 2024,Yerevan
Customer Retention Specialist,Digitain,19 April 2024,Yerevan
Առևտրային գործակալ  /Preseller,Derjava,19 April 2024,Gyumri
Հաշվապահ,Derjava,19 April 2024,Yerevan
Բարիստա/Գանձապահ,VENLO,19 April 2024,Yerevan
Rights and Content Operations Manager,SoftConstruct,19 April 2024,Yerevan
Financial Analyst,"""Max Station"" LLC",19 April 2024,Yerevan
Technical Operator,SoftConstruct,19 April 2024,Yerevan
"Senior Backend Engineer, Python",Hexens,19 April 2024,Yerevan
Associate/ Lawyer,Delex Law  firm,18 April 2024,Yerevan
Business operations associate,Hexens,19 April 2024,Yerevan
Legal Settlement Supervisor,Lumina Law LLC,19 April 2024,Yerevan
Legal Settlement Assistant,Lumina Law LLC,19 April 2024,Yerevan
Legal Case Supervisor,Lumina Law LLC,19 April 2024,Yerevan
Middle/Middle+ Frontend Developer (Vue 3/ Nuxt 3),GCreative,19 April 2024,Yerevan
Administrative assistant,Any Rose,18 April 2024,Yerevan
Embedded software engineer,WaveAccess,19 April 2024,Yerevan
Business Development Manager,AffPapa,19 April 2024,Yerevan                                            (Remote)
Administrator,Varpet,19 April 2024,Yerevan
Content manager,Eldorado Armenia,19 April 2024,Yerevan
Senior Software Engineer/Vue.js - Hoory AI Project,Ucraft,19 April 2024,Yerevan
Customer Service Representative,ՍԵՐՎԻՍՀԱԲ ՓԲԸ,19 April 2024,Yerevan
SALES MANAGER,Polyplast Armenia,19 April 2024,Yerevan
Հաշվապահ,Կոնցեպտում ՓԲԸ,19 April 2024,Yerevan
Senior bookkeeper,ՍԵՐՎԻՍՀԱԲ ՓԲԸ,19 April 2024,Yerevan
Operational Risk Manager,Converse Bank,19 April 2024,Yerevan
Insurance | Reinsurance Broker,"""Prime Insurance Brokers"" LLC",12 April 2024,Yerevan
Full Stack .Net Developer,Praemium RA LLC,19 April 2024,Yerevan
Digital Marketing Specialist,M.A.M online school,19 April 2024,Yerevan
Բարմեն,TotoGaming,19 April 2024,Yerevan
Executive assistant/Project coordinator,Nork Technology Center,19 April 2024,Yerevan
Հաճախորդների սպասարկման մասնագետ,TotoGaming,19 April 2024,Yerevan
IT support specialist,Nork Technology Center,19 April 2024,Yerevan
Հաճախորդների սպասարկման մասնագետ (Աշտարակ),TotoGaming,19 April 2024,Ashtarak
IT Project Manager - Volunteer Management System (VMS),Armenian Volunteer Corps (AVC),19 April 2024,Yerevan
ՍՄՄ Մասնագետ/Օպերատոր,«Դարֆ» ՍՊԸ,19 April 2024,Yerevan
POS տերմինալների սպասարկման մասնագետ,Acba Bank OJSC,19 April 2024,Yerevan
KPI Implementation and Development Specialist,Digitain,19 April 2024,Yerevan
Export Manager,Artfood,18 April 2024,Yerevan
Accountant,«Դեֆանս Հաուզինգ Ինվեստ» ՓԲԸ,18 April 2024,Yerevan
Sales Specialist,"WebWork Time Tracker, Inc.",18 April 2024,Yerevan
English Teacher,“Academy Of Creative Explorers” LLC,18 April 2024,Yerevan
Receptionist / Administrator,«Mounthree»,18 April 2024,Vanadzor
Revenue Management Specialist,Deluxe Technologies LLC,18 April 2024,Yerevan
Service Clerk - Artashat Branch,AMIO BANK,18 April 2024,Artashat
Office Receptionist,Evolution,18 April 2024,Yerevan
Senior Media Buyer,iBooben Development,18 April 2024,Yerevan                                            (Remote)
Product manager,А-Медика,18 April 2024,Yerevan
Ֆինանսական հաշվետվությունների և բյուջետավորման մասնագետ,"""Telecom Armenia"" OJSC",18 April 2024,Yerevan
Medical representative,Solgar Armenia,12 April 2024,Yerevan
Graphic desinger,Sparsis Holding,18 April 2024,Yerevan
Gyumri Branch Manager,AMIO BANK,18 April 2024,Gyumri
Էլեկտրիկ-նախագծող,ԱՐԹ-ԳՐՈՒՊ ՍՊԸ,18 April 2024,Yerevan
Ներմուծման մենեջեր,Ադամիում,17 April 2024,Yerevan
Real estate sales/rent specialist,Calibri Real Estate Agency,18 April 2024,Yerevan
Խանութի մենեջեր,Brand Leader,18 April 2024,Nor Hachn
Ավագ հաշվապահ,Bacon Product LLC,18 April 2024,Arzni
Credit portfolio collection specialist - Visits,"LMS LLC, Loan Management Services",18 April 2024,Yerevan
Senior Network Engineer,Digitain,18 April 2024,Yerevan
ՍՐԱՀԻ ՊԱՏԱՍԽԱՆԱՏՈՒ,The LOFT,18 April 2024,Yerevan
Fixed Asset and Materials Accountant,TUMO Center for Creative Technologies,12 April 2024,Yerevan
Marketing communication Manager,Axioma Ltd,18 April 2024,Yerevan
Գլխավներոր ինժեներ,Էյ Էմ Գրուպ ՍՊԸ,18 April 2024,Yerevan
Loan Officer,CARD  AgroCredit UCO CJSC,18 April 2024,Yerevan
Հաշվապահ,VAK GROUP,18 April 2024,Yerevan
Հաշվետար,Brand Leader,18 April 2024,Yerevan
Call Centre Specialist/night shift,"""INGO ARMENIA"" Insurance CJSC",18 April 2024,Yerevan
Accountant,Freda,18 April 2024,Yerevan
Export specialist,A  M Rare,18 April 2024,Yerevan
ՏՏ աշխատակից,ECLOF Armenia,18 April 2024,Vagharshapat
Angular Developer,Buymie,18 April 2024,Yerevan
Product manager in the passive and commission products department,VTB Bank (Armenia),18 April 2024,Yerevan
Փաստաբան պարտքերի հավաքագրման թիմում,Delex Law  firm,18 April 2024,Yerevan
Senior HR Generalist,Prime Group of Companies,18 April 2024,Yerevan
Product manager,Yerevan Chocolate Company CJSC,17 April 2024,Yerevan
Culture and Engagement Manager,SoftConstruct,12 April 2024,Yerevan
Accountant,ԱՐԹ-ԳՐՈՒՊ ՍՊԸ,17 April 2024,Yerevan
Վաճառքի բաժնի մասնագետ(վարկային մասնագետ),"""GLOBAL CREDIT"" UCO CJSC",11 April 2024,Yerevan
React Native Developer,DataArt Armenia,17 April 2024,Yerevan
Customer care representative,Tempus Group,17 April 2024,Yerevan
Personal Banker,Byblos Bank Armenia CJSC,07 April 2024,Yerevan
գանձապահ վաճառող,Շոփարթ ՍՊԸ,17 April 2024,Yerevan
Teller,Byblos Bank Armenia CJSC,07 April 2024,Yerevan
Համապատասխանության մասնագետ,Easy Pay,17 April 2024,Yerevan
sells agent,ԱՎԱՍ,17 April 2024,Yerevan
sells agent,ԱՎԱՍ,14 April 2024,Artashat
Digital Advertising Manager (contract-based),Krisp,17 April 2024,Yerevan
Business Development Executive,Synergy International Systems,17 April 2024,Yerevan
Junior Python Software Developer,Daniam LLC,17 April 2024,Yerevan
Operator,Իմպրես հաշվապահական ընկերություն,17 April 2024,Yerevan
Graphic Designer,Dalma Garden Mall,11 April 2024,Yerevan
Հաշվապահ՝ աշխատակիցների հաշվառման և աշխատավարձի հաշվարկման գործառույթներով,Հայաստանի Հաշվապահների Ասոցիացիա,17 April 2024,Yerevan
Data Analyst,Acba Bank OJSC,17 April 2024,Yerevan
Export specialist,Yerevan Chocolate Company CJSC,17 April 2024,Yerevan
Մատուցող/ուհի,President Hotel,17 April 2024,Yerevan
Մաքրուհի/սպասուհի,President Hotel,17 April 2024,Yerevan
Reservation-sales agent,Deluxe Technologies LLC,17 April 2024,Yerevan
Head of  Department,Մրցակցության պաշտպանության հանձնաժողով,17 April 2024,Yerevan
SAP Basis Administrator,Acba Bank OJSC,17 April 2024,Yerevan
Quality Management System Specialist,AeroDynamics,17 April 2024,Yerevan
Document Control Specialist,AeroDynamics,17 April 2024,Yerevan
3D Printing Technician/Specialist,AeroDynamics,17 April 2024,Yerevan
Warehouse Operator,AeroDynamics,17 April 2024,Yerevan
Senior UI/UX Designer,AeroDynamics,17 April 2024,Yerevan
Hardware Test Engineer,AeroDynamics,17 April 2024,Yerevan
Senior Lawyer,AeroDynamics,17 April 2024,Yerevan
Analyst,"""INGO ARMENIA"" Insurance CJSC",17 April 2024,Yerevan
Accountant,ASK-Consult LLC,17 April 2024,Yerevan
Frond Desk Agent,President Hotel,17 April 2024,Yerevan
Logistics Sales Manager,HUMANIZZED,17 April 2024,Yerevan
Intern Sales Manager,Naghashyan Solutions,17 April 2024,Yerevan
Graphic Designer,Eachbase,17 April 2024,Yerevan
Tax Consultant,KPMG Armenia LLC,17 April 2024,Yerevan
Customer Support Agent (Russian Speaking),TokenWin,17 April 2024,Yerevan
3D Motion Designer/ CG Generalist for Fastexverse,SoftConstruct,17 April 2024,Yerevan
Training Specialist (Customer Care),TokenWin,16 April 2024,Yerevan
B2B վաճառքի մենեջեր,ONE WAY TOUR,17 April 2024,Yerevan
Senior Graphic Designer,TokenWin,17 April 2024,Yerevan
Game Presenter-Morning Shift,Evolution,17 April 2024,Yerevan
Cold Caller Specialist,Earlyone,17 April 2024,Yerevan
Customer Support Agent (Turkish Language),TokenWin,17 April 2024,Yerevan
NATIONAL ALTERNATIVE CARE ADVISOR,SOS Children's Villages Armenia,17 April 2024,Yerevan
Bioinformatician / Data Scientist,Quantori Armenia,17 April 2024,Yerevan
Senior Machine Learning Engineer,Quantori Armenia,17 April 2024,Yerevan
Head of AML Division,Mellat bank,17 April 2024,Yerevan
Phone sales specialist in Vagharshapat,EFES,17 April 2024,Yerevan
Phone sales specialist,EFES,17 April 2024,Yerevan
Էլեկտրատեխնիկ,Atenk Ltd,17 April 2024,Yerevan
Voluntary insurance sales specialist,EFES,17 April 2024,Yerevan
Հիմնական միջոցների և պաշարների հաշվառման թիմի ղեկավար,Ucom,17 April 2024,Yerevan
IT Support Engineer,EFES,17 April 2024,Yerevan
Տնօրենի օգնական,ՄԼ Մայնինգ ՍՊԸ,17 April 2024,Yerevan
Marketing specialist,"""INGO ARMENIA"" Insurance CJSC",17 April 2024,Yerevan
Կորպորատիվ հաճախորդների ներգրավման մասնագետ,"""INGO ARMENIA"" Insurance CJSC",17 April 2024,Yerevan
Technical Project Manager/ VBET,SoftConstruct,17 April 2024,Yerevan
HoReCa Executive,Philip Morris Armenia LLC,17 April 2024,Yerevan
sales manager,SOLAR CENTRE LLC,08 April 2024,Martuni
sales consultant,ՅՈՒՆԱՅԹԵԴ ՏԵԽՆԻԿԱԼ ՍԵՐՎԻՍ ՍՊԸ,16 April 2024,Yerevan
Embedded Software Engineer,Tauro Technologies,16 April 2024,Yerevan
ՀԱՇՎԱՊԱՀ,Triple Consulting,15 April 2024,Yerevan
Customer Care Specialist (Smart Sales software),Smart Systems LLC,15 April 2024,Yerevan
"WordPress, PHP developer",SourceCode development,15 April 2024,Yerevan
Graphic Designer/ Trainer,SmartCode,15 April 2024,Yerevan
Node.js Engineer/Trainer,SmartCode,15 April 2024,Yerevan
UI/UX Designer/Trainer,SmartCode,15 April 2024,Yerevan
Python Engineer/Trainer,SmartCode,15 April 2024,Yerevan
JavaScript Engineer/Trainer,SmartCode,15 April 2024,Yerevan
Product Manager/Trainer,SmartCode,15 April 2024,Yerevan
Full-stack Developer,Bringit Technologies,15 April 2024,Ashdod                                            (Remote)
Junior System Administrator,AeroDynamics,15 April 2024,Yerevan
Head of Workshops Division,TUMO Center for Creative Technologies,14 April 2024,Yerevan
Learning Coach in Yeghegnadzor (part time),TUMO Center for Creative Technologies,14 April 2024,Yeghegnadzor
Learning Coach in Shatin (part time),TUMO Center for Creative Technologies,08 April 2024,Yeghegnadzor
Իրավաբան,"""INGO ARMENIA"" Insurance CJSC",14 April 2024,Yerevan
Internal Auditor,Digitain,14 April 2024,Yerevan
Head of Travel Department,SoftConstruct,14 April 2024,Yerevan
Senior Project Manager,Simply Technologies,14 April 2024,Yerevan
Node.js/Nest.Js  Developer,ZET Digital,14 April 2024,Yerevan
DevOps Engineer,Questrade International Inc.,12 April 2024,Yerevan
Сook at the Asian cuisine cafe PHOBO,Soup Story,14 April 2024,Yerevan
"IT Administrator, Service Desk (all genders)",TeamViewer Armenia,14 April 2024,Yerevan
Economist,«Էրեբունի» ԲԿ,14 April 2024,Yerevan
Chief Specialist,Մրցակցության պաշտպանության հանձնաժողով,14 April 2024,Yerevan
SMM մասնագետ,Brandon marketing,14 April 2024,Yerevan
Sales Manager,Nexolabs,14 April 2024,Yerevan
Բիզնես ուղղությունների իրավական սպասարկման վարչության իրավաբան,ՅՈՒՆԻԲԱՆԿ ԲԲԸ,14 April 2024,Yerevan
Software Development Intern / 49155BR,Synopsys Armenia,14 April 2024,Yerevan
Տեղադրման ստորաբաժանման ղեկավար,Էյ Էմ Գրուպ ՍՊԸ,14 April 2024,Yerevan
Construction Project Manager,Noah development LLC,14 April 2024,Yerevan
Հաշվապահ (արտադրության գծով),Էյ Էմ Գրուպ ՍՊԸ,14 April 2024,Yerevan
3D visualizer,Parvanyan Consulting LLC,11 April 2024,Yerevan
Заготовщик кондитер,Gotcha.am,14 April 2024,Yerevan
Product Manager,SoftConstruct,14 April 2024,Yerevan
3D Artist for Fastexverse,SoftConstruct,14 April 2024,Yerevan
Sales Manager,Fora Premium,14 April 2024,Yerevan
Graphic Designer,Partner Company,14 April 2024,Yerevan
Dispatcher- logist / English speaking,Garant Logistics LTD,14 April 2024,Yerevan
Գնումների և մատակարարման մենեջեր,Partner Company,14 April 2024,Yerevan
Dispatcher- logist,Garant Logistics LTD,14 April 2024,Yerevan
Աուդիտի բաժնի ղեկավար,Partner Company,14 April 2024,Yerevan
"Italian, Spanish or English Speaking Incoming Tour Manager",Armenia Holidays,14 April 2024,Yerevan
Տնօրենի օգնականի-գործավարուհու,S T SERVICE LLC,14 April 2024,Yerevan
Ֆինանսական տնօրեն,Partner Company,14 April 2024,Yerevan
Ֆինանսական վերլուծությունների և հաշվետվությունների բաժնի ղեկավար,"""INGO ARMENIA"" Insurance CJSC",14 April 2024,Yerevan
Sales Specialist,"""INGO ARMENIA"" Insurance CJSC",14 April 2024,Yerevan
Специалист по сбору информации,2GIS,14 April 2024,Yerevan
Lead Data Scientist,BUILG,14 April 2024,Yerevan
Data Engineer,BUILG,14 April 2024,Yerevan
Problem Manager,Digitain,14 April 2024,Yerevan
Change and Release Management Unit Manager,Digitain,14 April 2024,Yerevan
Content Management Specialist,Digitain,14 April 2024,Yerevan
Product Trainer,Digitain,14 April 2024,Yerevan
Contact Center Specialist,Digitain,14 April 2024,Yerevan
International Customer Support Specialist (Chinese),Digitain,14 April 2024,Yerevan
International Customer Support Specialist (Turkish),Digitain,14 April 2024,Yerevan
International Customer Support Specialist,Digitain,14 April 2024,Yerevan
Ավագ հաշվապահ,Էյ Էմ Գրուպ ՍՊԸ,14 April 2024,Yerevan
International Customer Support Specialist (Spanish),Digitain,14 April 2024,Yerevan
Առաքման ծառայության աշխատակից,"""Նատալի Ֆարմ Դեղատուն՛՛ ՍՊԸ",14 April 2024,Yerevan
Գրաֆիկ դիզայներ,Bacon Product LLC,14 April 2024,Arzni
SMM Manager,Fast Shift LLC,14 April 2024,Yerevan
Իրավախորհրդատու (Ընդհանուր հարցերով),"""Telecom Armenia"" OJSC",14 April 2024,Yerevan
"Հաճախորդների սպասարկման մասնագետ, ք. Չարենցավան",VTB Bank (Armenia),14 April 2024,Charentsavan
Economic Development Project Officer,Jinishian Memorial Foundation,14 April 2024,Yerevan
Գանձապահ՝ «Չարենցավան» մասնաճյուղում 13:00-22:00 աշխատաժամանակով,FastBank CJSC,14 April 2024,Charentsavan
Գանձապահ՝ «Չարենցավան» մասնաճյուղում 10:00-19:00 աշխատաժամանակով,FastBank CJSC,14 April 2024,Charentsavan
Գանձապահ՝ «Չարենցավան» մասնաճյուղում 09:00-18:00 աշխատաժամանակով,FastBank CJSC,14 April 2024,Charentsavan
Аналитик-разработчик (удаленно),WILDBERRIES LLC,13 April 2024,Yerevan                                            (Remote)
Ավագ հաշվետար,"""Telecom Armenia"" OJSC",13 April 2024,Yerevan
Macroeconomist/Monetary Policy Department/Macroeconomic Directorate,CENTRAL BANK OF ARMENIA,13 April 2024,Dilijan
Кладовщик ТЦ МЕГА МОЛЛ,SPORTMASTER,13 April 2024,Yerevan
Գանձապահ Upay ընկերությունում ք․ Եղեգնաձոր,Ucom,13 April 2024,Yerevan
Data Extraction/Technical Content Editor,Altacode,13 April 2024,Yerevan
Продавец,SPORTMASTER,13 April 2024,Yerevan
Accounting clerk,«Ռեստ Կոնցեպտ» ՍՊԸ,13 April 2024,Yerevan
Իրավաբան,Արատտա Քընսալթինգ,13 April 2024,Yerevan
Փոքր բիզնեսի հաճախորդների ներգրավման մենեջեր,VTB Bank (Armenia),13 April 2024,Yerevan
Թվային մարքեթինգի մասնագետ,Brandon marketing,13 April 2024,Yerevan
Manager,Coffee House Company,13 April 2024,Yerevan
"Team Lead, IT Service Desk (all genders)",TeamViewer Armenia,13 April 2024,Yerevan
Engineer at the hotel,Keygo,13 April 2024,Yerevan
Հաշվետար,Բեստ Ֆրենդս ՍՊԸ,13 April 2024,Yerevan
Business Development Manager,Simply Technologies,13 April 2024,Yerevan
Administrative assistant,BANA Angels,12 April 2024,Yerevan
Մաքրուհի,«Դարֆ» ՍՊԸ,13 April 2024,Yerevan
Senior Accountant,SOUTH GATE CJSC,13 April 2024,Yerevan
Գանձապահ,«Դարֆ» ՍՊԸ,13 April 2024,Yerevan
Middle .NET Developer with some DevOps responsibilities,DataArt Armenia,12 April 2024,Yerevan
Appliance Salesman,Food Depot LLC,13 April 2024,Yerevan
Digital Marketing Specialist,Jellyfish Yerevan,13 April 2024,Yerevan
Chief Leasing Development Specialist,AMIO BANK,13 April 2024,Yerevan
Մարքեթոլոգ,«Էրեբունի» ԲԿ,13 April 2024,Yerevan
Digital Marketing Specialist/SMM,Սովռանո ՍՊԸ,13 April 2024,Yerevan
Sales manager,Food Depot LLC,13 April 2024,Yerevan
Մերչենդայզեր,Սովռանո ՍՊԸ,13 April 2024,Yerevan
Head of Sales Department of Construction Materials,MTK LLC,13 April 2024,Yerevan
Վաճառքի մասնագետ,New City Projects,13 April 2024,Tsaghkadzor
Առցանց վաճառքի պատասխանատու,"""GLOBAL CREDIT"" UCO CJSC",08 April 2024,Yerevan
Middle Front-End Developer,Ashstone Studios,13 April 2024,Yerevan
Խմբագիր-սրբագրիչ,Zangak Publishing House,13 April 2024,Yerevan
Office Manager,Prokat.am,10 April 2024,Yerevan
Հաշվետար,Սովռանո ՍՊԸ,13 April 2024,Yerevan
Շուկայի զարգացման պատասխանատու,Սովռանո ՍՊԸ,13 April 2024,Yerevan
Մարդկային Ռեսուրսների Կառավարման բաժնի ավագ մասնագետ,Սովռանո ՍՊԸ,13 April 2024,Yerevan
Տեխնիկական աջակցման մասնագետ,"""Telecom Armenia"" OJSC",13 April 2024,Yerevan
Senior DevOps Engineer,Nexolabs,12 April 2024,Yerevan                                            (Remote)
C# Software Engineer/Trainer,SmartCode,12 April 2024,Yerevan
Java Engineer/Trainer,SmartCode,12 April 2024,Yerevan
Rewrite,ԱՁ Դավիթ Մարուքյան,10 April 2024,Yerevan                                            (Remote)
Card Operations Appeal and Monitoring Unit Specialist,IDBank CJSC,12 April 2024,Yerevan
Tour Manager,Galaxy Group of Companies,12 April 2024,Yerevan
Կորպորատիվ բիզնեսի վարկային ռիսկերի գնահատման բաժնի առաջատար / գլխավոր մասնագետ,IDBank CJSC,12 April 2024,Yerevan
Customer Success Specialist,Earlyone,12 April 2024,Yerevan
Accountant,Alias LLC,12 April 2024,Yerevan
Freelance recruiter,Freedom Broker Armenia,12 April 2024,Yerevan                                            (Remote)
Հաճախորդների հետ հարաբերությունների վարչության պետ,ՅՈՒՆԻԲԱՆԿ ԲԲԸ,12 April 2024,Yerevan
Credit portfolio collection specialist,"LMS LLC, Loan Management Services",12 April 2024,Yerevan
Data analyst,AMIO BANK,12 April 2024,Yerevan
Leasing specialist,«Արմենիան Լիզինգ Քամփնի» ՈՒՎԿ ՓԲԸ,12 April 2024,Yerevan
Middle .NET Developer,Digitain,12 April 2024,Yerevan
Support Specialist,InnoTech Group LLC,12 April 2024,Yerevan
Molecular biologist (Tumor Molecular Analytics),BostonGene Technologies,12 April 2024,Yerevan
Engineering & Maintenance Supervisor,Jermuk International Pepsi-Cola Bottler LLC,12 April 2024,Yerevan
Ընդունարանի աշխատակից,ԻՐԱ Մեդիքլ Գրուպ ՓԲԸ,12 April 2024,Yerevan
Արտադրական ստորաբաժանման հաշվետար,Էյ Էմ Գրուպ ՍՊԸ,12 April 2024,Yerevan
Հաշվապահ-ֆինանսիստ,ISTAK,12 April 2024,Yerevan
Customer Support Agent,Deluxe Technologies LLC,12 April 2024,Yerevan
PAID INTERNSHIP FOR EBRD ANNUAL CONFERENCE 2024,818 Consulting,12 April 2024,Yerevan
Call Center Agent,EcoVille LLC,12 April 2024,Yerevan
Վիդեո Մոնտաժող,FastMedia,12 April 2024,Yerevan
Առաքման բաժնի կորդինատոր,Պռոշյանի Կոնյակի գործարան ՍՊԸ,12 April 2024,Yerevan
Internal audit service specialist,Իդրամ ՍՊԸ,12 April 2024,Yerevan
Office Manager,Telcell,12 April 2024,Yerevan
Հաշվապահ,Կատրան ՍՊԸ,12 April 2024,Yerevan
Team Lead AML Monitoring,Wallet,12 April 2024,Yerevan                                            (Remote)
UI/UX Designer,Ashstone Studios,10 April 2024,Yerevan
Թվային մարքեթինգի մասնագետ,Aras Food LLC,12 April 2024,Yerevan
Sales Assistant,AKCENT SHOP,12 April 2024,Yerevan
Վարորդ-առաքիչ,Aras Food LLC,12 April 2024,Yerevan
CRM Product Analyst,VTB Bank (Armenia),12 April 2024,Yerevan
Վաճառքի մենեջեր,Mane Tiles,12 April 2024,Ararat
Senior UI/UX Designer,FastBank CJSC,12 April 2024,Yerevan
Ավագ Հաշվապահ,TML CONSULTING LLC,12 April 2024,Yerevan
Senior .Net Developer,InConcept Labs | Software Development Company,11 April 2024,Yerevan
Photography Training Lead,TUMO Center for Creative Technologies,11 April 2024,Yerevan
Training Team Manager,TUMO Center for Creative Technologies,11 April 2024,Yerevan
Սրահի Մենեջեր - Խորհրդատու Վաճառողուհի,«ԻՆՏԵՐ ԱԿՎԱ ԳՐՈՒՊ» ՍՊԸ,11 April 2024,Yerevan
Accountant,Երվադա ՍՊԸ,11 April 2024,Yerevan
D2D Sales,SOLARON,11 April 2024,Yerevan
Accountant,ԱյԹի Ռիփորթս ՍՊԸ - IT Reports LLC,11 April 2024,Yerevan
Junior Content Writer,10Web,11 April 2024,Yerevan
2D Motion Animator,FastMedia,11 April 2024,Yerevan
Junior Accountant,ԱյԹի Ռիփորթս ՍՊԸ - IT Reports LLC,11 April 2024,Yerevan
Junior Manual Tester/QA (remote),DevsData LLC,11 April 2024,Armenia (All cities)                                            (Remote)
Technical Lead/Project Manager,zealous,11 April 2024,Yerevan
Կոմերցիոն բաժնի մասնագետ,GN LLC,11 April 2024,Yerevan
Microbiologist,Liqvor CJSC,11 April 2024,Yerevan
Specialist in the Department of Drug Registrations,Liqvor CJSC,11 April 2024,Yerevan
Accountant,Liqvor CJSC,11 April 2024,Yerevan
Call centre representative,Freedom Broker Armenia,11 April 2024,Yerevan
Accountant,SCHNEIDER GROUP LLC,11 April 2024,Yerevan
Junior Java Engineer,AeroDynamics,11 April 2024,Yerevan
Հաշվետար,ԵրՄՄԳՀԻ,11 April 2024,Yerevan
Արտադրամասի պետ,Սեմուր ընդ Կո ՍՊԸ,11 April 2024,Yeghvard
Հաշվապահ՝ կադրերի և աշխատավարձի հաշվառման գծով,Paulaner,11 April 2024,Yerevan
Chain Manager,Free Style Group,11 April 2024,Yerevan
Կոմերցիոն ապրանքների վաճառքի մասնագետ,"""Telecom Armenia"" OJSC",11 April 2024,Yerevan
Accountant,"ООО ""ТУРОПЕРАТОР ПАК ГРУП""",11 April 2024,Yerevan
Head of Business Development and Partnership Department,Armenian Card CJSC,11 April 2024,Yerevan
Ադմինիստրատիվ Օգնական,Հայաստանի Հաշվապահների Ասոցիացիա,11 April 2024,Yerevan
Accountant/Tax Advisor,BDO Armenia CJSC,11 April 2024,Yerevan
Audit Assistant,BDO Armenia CJSC,11 April 2024,Yerevan
Receptionist,InSport Wellness center,11 April 2024,Yerevan
Grapic Designer,Davel Creative Agency,11 April 2024,Yerevan
React Native Upper Mid Developer,Flexy Global,10 April 2024,Yerevan
Junior Cybersecurity Specialist - Incident Response,Questrade International Inc.,08 April 2024,Yerevan
"Սրահի ադմինիստրատոր, ք. Աբովյան",VTB Bank (Armenia),10 April 2024,Abovyan
Lawyer,Spayka LLC,10 April 2024,Yerevan
գանձապահ-հաշվետար,ՅՈՒՆԻՓՈՒԼ ՍՊԸ,10 April 2024,Yerevan
Branch Operations Manager,Think Engineering,10 April 2024,Yerevan
Junior lawyer,Spayka LLC,10 April 2024,Yerevan
Recruiter,"""Max Station"" LLC",10 April 2024,Yerevan
Accounts Payable Specialist,The Alexander Yerevan Hotel,10 April 2024,Yerevan
Ֆիրմային խանութների ղեկավար,Atenk Ltd,06 April 2024,Yerevan
Mid IOS Developer,Codulate,10 April 2024,Yerevan
"Էներգոհամակարգերի ճարտարագետ, Գյումրի","""Telecom Armenia"" OJSC",10 April 2024,Gyumri
Офисный сотрудник,AFC,10 April 2024,Yerevan
Office Operations Specialist,Big Projects,10 April 2024,Yerevan
Պլաստիկ քարտերի վարչության Սպասարկման բաժնի  գլխավոր մասնագետ,ARMECONOMBANK OJSC,10 April 2024,Yerevan
Հյուրընկալ,TotoGaming,10 April 2024,Yerevan
Հյուրընկալ Աշտարակ,TotoGaming,10 April 2024,Ashtarak
Product Marketing Manager,Digitain,10 April 2024,Yerevan
B2C Business Analyst,Digitain,10 April 2024,Yerevan
Վաճառող - գանձապահ,Gotcha.am,10 April 2024,Yerevan
Լոգիստիկայի մասնագետ,Atenk Ltd,10 April 2024,Yerevan
Senior DevOps Engineer/Cloud Architect,Codulate,10 April 2024,Yerevan
Product Manager,VTB Bank (Armenia),10 April 2024,Yerevan
Financial Analyst,VTB Bank (Armenia),10 April 2024,Yerevan
Translator,SAS Group,10 April 2024,Yerevan
Գլխավոր հաշվապահ,Genacvale Tavern,10 April 2024,Yerevan
Armenian Speaking Interactions Specialist,Robin the Robot,10 April 2024,Yerevan
CRM Bitrix,AMS LLC,10 April 2024,Yerevan
Senior Regulatory Compliance Manager,Freedom Broker Armenia,10 April 2024,Yerevan
Internship Customer Service,Joomag,10 April 2024,Yerevan
Night-Shift Receptionist,Hotel Aviatrans,10 April 2024,Yerevan
Danish Speaking Sales Assistant,Maurice Ward Armenia,10 April 2024,Yerevan
"Software Engineer, Quantitative Development Team",Teza Technologies,10 April 2024,Yerevan
Թվային պրոդուկտների գլխավոր ղեկավար (Chief Product Officer),"""Telecom Armenia"" OJSC",10 April 2024,Yerevan
Clinical analyst (oncology),BostonGene Technologies,10 April 2024,Yerevan
Clinical analyst (hematology),BostonGene Technologies,10 April 2024,Yerevan
Junior analyst - Molecular biologist,BostonGene Technologies,10 April 2024,Yerevan
Caviste,Food Depot LLC,10 April 2024,Yerevan
Հաշվապահ,Finup,10 April 2024,Yerevan
ASIC Physical Design Engineer/ 48414BR,Synopsys Armenia,10 April 2024,Yerevan
AML Transaction Monitoring Analyst,Freedom Broker Armenia,10 April 2024,Yerevan
Sales Specialist,Linz Optic ZEISS Vision Expert,08 April 2024,Yerevan
Հայոց լեզվի և գրականության ուսուցիչ,Ayb School,10 April 2024,Yerevan
"Սրահի ադմինիստրատոր, ք. Մասիս",VTB Bank (Armenia),10 April 2024,Masis
Senior C++ Developer (Algorithms),Align Technology,10 April 2024,Yerevan
Русскоязычный Game Presenter,Evolution,10 April 2024,Yerevan
Շուկայի զարգացման պատասխանատու,Bacon Product LLC,10 April 2024,Arzni
Վաճառքի մասնագետ,Autofan AC LLC,10 April 2024,Yerevan
Առաքիչ,Bacon Product LLC,10 April 2024,Arzni
Մարքեթինգի ավագ մասնագետ,Bacon Product LLC,10 April 2024,Arzni
Sports Trader,Digitain,10 April 2024,Yerevan
Sales specialist,Էյչ Վի Էյ Սի Գրուպ ՍՊԸ,10 April 2024,Yerevan
Delivery driver,Էյչ Վի Էյ Սի Գրուպ ՍՊԸ,10 April 2024,Yerevan
Digital Marketing Specialist,Azarian Growth Agency,10 April 2024,Yerevan                                            (Remote)
Senior UI/UX Team Lead,Azarian Growth Agency,10 April 2024,Yerevan
Content Writer,Azarian Growth Agency,10 April 2024,Yerevan
HR Manager,EXPOCORE HOTEL,10 April 2024,Yerevan
Receptionist,EXPOCORE HOTEL,10 April 2024,Yerevan
Assistant to Project Manager,Daniam LLC,09 April 2024,Yerevan
Թվային պրոդուկտների վերլուծաբան,"""Telecom Armenia"" OJSC",09 April 2024,Yerevan
Junior Talent Acquisition Specialist,DevsData LLC,09 April 2024,Armenia (All cities)                                            (Remote)
Service Manager Assistant,Fine Service LLC,08 April 2024,Yerevan
Sales manager,Սփիք ՍՊԸ,08 April 2024,Yerevan
Games Quality Verification Specialist,Digitain,08 April 2024,Yerevan
Live Games Planning Specialist,Digitain,08 April 2024,Yerevan
Head of the sales department,Ֆրոզեն Միթ ՍՊԸ,07 April 2024,Yerevan
Quality manager,Թամարա ՍՊԸ,07 April 2024,Abovyan
Հաշվետար,Ադամիում,07 April 2024,Yerevan
Marketing Data Analyst,Abramyan Marketing Group (AMG),07 April 2024,Las Vegas                                            (Remote)
Junior Marketing Copywriter/Strategist,Abramyan Marketing Group (AMG),07 April 2024,Las Vegas                                            (Remote)
Loss Prevention associate,Republica hotel Yerevan,06 April 2024,Yerevan
Valet Parking Attendant,The Alexander Yerevan Hotel,06 April 2024,Yerevan
DevOps Engineer,Helix Consulting,06 April 2024,Yerevan
Flight attendant,FlyOne Armenia,06 April 2024,Yerevan
Հաշվապահ,Brandon marketing,06 April 2024,Yerevan
Content Moderation Associate,LIST GROUP,06 April 2024,Yerevan
Logistics Specialist,Էքսպրես Լոջիսթիքս,06 April 2024,Yerevan
Ինժեներ նախագծող,ITAL SOLAR,06 April 2024,Yerevan
Head of the engineering and technical service department of the greenhouse complex,Spayka LLC,06 April 2024,Yerevan
Sales Specialist,ITResources,06 April 2024,Yerevan
Ցանցային ադմինիստրատոր,Partner Company,06 April 2024,Yerevan
Senior Sales Consultant,ITResources,06 April 2024,Yerevan
PHP Laravel Developer,Helix Consulting,06 April 2024,Yerevan
The operator-administrator of call centre,doctor911.am,06 April 2024,Yerevan
B2B Sales Manager,SOLARON,06 April 2024,Yerevan
Customer Service Quality Control Specialist,AMIO BANK,06 April 2024,Yerevan
Trade Marketing Specialist,ARGE BUSINESS LLC,06 April 2024,Yerevan
Human Resources Manager,"""ASBC"" LLC",06 April 2024,Yerevan
ASIC Physical Design Engineer / 48065BR,Synopsys Armenia,06 April 2024,Yerevan
Business Intelligence Analyst / VBET,SoftConstruct,06 April 2024,Yerevan
Manual QA Engineer / VBET,SoftConstruct,06 April 2024,Yerevan
